"IITA_Cassava_Kephis_ICK","Priority","Category","Associated_Project","Unique_Cassava_ID_UCID","Alternative_identifier","Shipping_status","Bay_in_Glasshouse","Virus_status","Number_of_pots","Number_of_plants","Original_Source","Date_brought_to_KEPHIS","Source_of_ICK_germplasm","CMD_symptoms_in_glasshouse","CBSD_symptoms_in_glasshouse","Date_of_CMD_diagnostics","EACMV_End_point","ACMV_End_point","Date_of_CMD_diagnostics_2","EACMV_End_point_2","ACMV_End_point_2","Date_of_CBSD_diagnostics","CBSV_Real_time","UCBSV_Real_time","Comments","Date_of_hardening","Reintroduced_to_thermotherapy","In_thermotherapy","Number_of_test_tubes_of_meristems","Number_of_baby_jars_of_meristems","Action","Number_of_baby_jars_of_tips","Number_of_tips","Date_Received_in_Glasshouse","Date_brought_to_KEPHIS2","Number_of_meristems_excised"
"ICK001","Priority genotype","Rwanda and Burundi","Rwanda","01/0040",NA,"Shipped 16th July","Bay 1","virus free",1,3,"Ibadan",2018-06-27,"RAB  Rubona station","negative","negative",2019-01-24,"negative","negative",NA,NA,NA,2018-12-03,"negative","negative",NA,NA,NA,"2019-03-01",3,NA,NA,NA,3,2018-09-01,NA,NA
"ICK002","Priority genotype","Rwanda and Burundi","Rwanda","01/1206/75",NA,"Shipped 16th July","Bay 1","virus free",1,3,"Ibadan",2018-06-27,"RAB  Rubona station","negative","negative",2019-01-24,"negative","negative",NA,NA,NA,2018-12-03,"negative","negative",NA,NA,NA,NA,8,NA,NA,NA,NA,2018-09-01,NA,8
"ICK003","Priority genotype","Rwanda and Burundi","Rwanda","97/2205",NA,"Shipment pending","Bay 1","infected",2,4,"Ibadan",2018-06-27,"RAB  Rubona station","positive","negative",2018-10-26,"negative","negative",NA,NA,NA,NA,"negative","negative",NA,NA,NA,NA,NA,NA,NA,2,7,2018-09-01,NA,NA
"ICK004",NA,"Breeding line",NA,"97/3785",NA,NA,"Bay 4","infected",1,3,"IITA-Uganda",2018-02-14,NA,"negative","positive",2019-02-19,"negative","negative",NA,NA,NA,2019-08-27,"positive","negative",NA,NA,NA,NA,NA,NA,NA,NA,NA,2018-09-01,NA,2
"ICK005","Priority genotype","Breeding line","CASS Project","98/3875",NA,NA,"Bay 4","infected",1,1,"IITA-Uganda",2018-02-14,NA,"negative","positive",2019-02-19,"negative","negative",NA,NA,NA,2019-08-27,"positive","positive",NA,NA,NA,"2019-09-11",NA,NA,NA,NA,NA,2018-09-01,NA,3
"ICK006",NA,"Batch 1",NA,"AAH01",NA,NA,"Bay 3","virus free",1,1,"Tanzania collection mission",2017-09-28,"Naliendele field genebank field genebank","negative","negative",2019-02-19,"negative","negative",NA,NA,NA,NA,"negative","negative",NA,NA,NA,NA,NA,NA,NA,NA,NA,2018-09-01,NA,NA
"ICK007",NA,"Batch 1",NA,"AAH02",NA,NA,"Bay 3","virus free",1,1,"Tanzania collection mission",2017-09-28,NA,"negative","negative",2019-02-19,"negative","negative",NA,NA,NA,NA,"negative","negative",NA,NA,NA,NA,NA,NA,NA,NA,NA,2018-09-01,NA,NA
"ICK008",NA,"Batch 2",NA,"AAH04",NA,NA,"Bay 1","infected",1,1,"Tanzania collection mission",2017-11-01,"Naliendele field genebank field genebank","positive","negative",2019-06-18,"positive","negative",NA,NA,NA,2019-06-20,"negative","negative",NA,NA,NA,NA,8,NA,NA,NA,3,2018-09-01,NA,8
"ICK009",NA,"Batch 1",NA,"AAH05",NA,NA,"",NA,1,4,"Tanzania collection mission",2017-11-01,"Naliendele field genebank field genebank",NA,NA,2019-06-18,"negative","negative",NA,NA,NA,2019-06-20,"negative","negative",NA,NA,NA,NA,NA,NA,NA,NA,NA,NA,NA,2
"ICK010",NA,"Batch 1",NA,"AAH06",NA,NA,"Bay 3","virus free",1,3,"Tanzania collection mission",2017-11-01,"Naliendele field genebank field genebank","negative","negative",2019-02-19,"negative","negative",NA,NA,NA,NA,"negative","negative",NA,NA,NA,NA,NA,NA,NA,NA,NA,2018-09-01,NA,NA
"ICK011",NA,"LOST",NA,"AAH07",NA,NA,"LOST","virus free",0,0,"Tanzania collection mission",2017-09-28,NA,"negative","negative",NA,"negative","negative",NA,NA,NA,NA,"positive","negative",NA,NA,NA,NA,NA,NA,NA,NA,NA,2019-09-24,NA,NA
"ICK012",NA,"Batch 1",NA,"AAH08",NA,NA,"Bay 3","infected",1,4,"Tanzania collection mission",NA,NA,"Inconclusive","Inconclusive",2019-02-19,"negative","negative",NA,NA,NA,NA,"negative","negative",NA,NA,NA,NA,NA,NA,NA,NA,NA,2018-09-01,NA,NA
"ICK013",NA,"Batch 1",NA,"AAH09",NA,NA,"Bay 3","virus free",1,1,"Tanzania collection mission",2017-09-28,NA,"negative","negative",2019-01-24,"negative","negative",2019-02-19,"negative","negative",NA,"negative","negative",NA,NA,NA,NA,NA,NA,NA,NA,NA,2018-09-01,NA,NA
"ICK014",NA,"Batch 2",NA,"AAH10",NA,NA,"Bay 1","infected",1,1,"Tanzania collection mission",2017-09-28,NA,"negative","positive",2019-06-18,"negative","negative",NA,NA,NA,2019-06-20,"positive","negative",NA,NA,NA,NA,2,4,NA,NA,NA,2018-09-01,NA,4
"ICK015",NA,"LOST",NA,"AAH11",NA,NA,"Bay 3","virus free",1,1,"Tanzania collection mission",NA,NA,"negative","negative",NA,"negative","negative",NA,NA,NA,NA,"negative","negative",NA,NA,NA,NA,NA,NA,NA,NA,NA,2018-09-01,NA,NA
"ICK016",NA,"Batch 1",NA,"AAH12",NA,NA,"Bay 3","virus free",1,4,"Tanzania collection mission",2017-09-28,NA,"negative","negative",2019-02-19,"negative","negative",NA,NA,NA,NA,"negative","negative",NA,NA,NA,NA,NA,NA,NA,NA,NA,2018-09-01,NA,NA
"ICK017",NA,"Batch 2",NA,"AAH15",NA,NA,"Bay 1",NA,1,1,"Tanzania collection mission",2017-11-01,"Naliendele field genebank field genebank",NA,NA,2019-06-18,"negative","negative",NA,NA,NA,2019-06-20,"positive","negative",NA,NA,NA,NA,NA,2,NA,NA,NA,2018-09-01,NA,1
"ICK018",NA,"Batch 2",NA,"AAH16",NA,NA,"Bay 1","virus free",1,2,"Tanzania collection mission",2017-09-28,NA,"negative","negative",2019-06-18,"negative","negative",NA,NA,NA,2019-06-20,"positive","negative",NA,NA,NA,NA,5,5,NA,NA,10,2018-09-01,NA,4
"ICK019",NA,"LOST",NA,"AAH19",NA,NA,"LOST",NA,0,0,"Tanzania collection mission",2017-09-28,NA,NA,NA,NA,NA,NA,NA,NA,NA,NA,NA,NA,NA,NA,NA,NA,NA,NA,NA,NA,NA,2019-06-24,NA,NA
"ICK020",NA,"Batch 1",NA,"AAH20",NA,NA,"Bay 1","virus free",1,2,"Tanzania collection mission",2017-09-28,NA,"negative","negative",2019-06-18,"negative","negative",NA,NA,NA,2019-06-20,"negative","negative",NA,2019-03-19,NA,"2019-09-11",NA,NA,NA,NA,NA,2018-09-01,NA,2
"ICK021","Priority genotype","Rwanda and Burundi","Burundi","Abbey-Ife",NA,"Shipped 25th July 2019","Bay 1","infected",2,3,"Burundi",2018-06-27,NA,"negative","possible",2019-01-24,"negative","negative",NA,NA,NA,2018-12-03,"negative","negative",NA,NA,NA,NA,NA,NA,NA,2,NA,2018-09-01,NA,NA
"ICK022","Priority genotype","LOST",NA,"Aipin Valenca","AIPIN VALENCA (KEPHIS)",NA,"LOST","infected",0,0,"Lake Zone",2016-07-19,"Lake Zone","positive","Inconclusive",NA,"negative","negative",NA,NA,NA,NA,NA,NA,"Difficult in vitro",NA,NA,NA,NA,NA,NA,NA,1,2019-06-24,NA,NA
"ICK023","Not priority","5 CP clone",NA,"Albert",NA,NA,"",NA,NA,NA,NA,NA,NA,NA,NA,NA,NA,NA,NA,NA,NA,NA,NA,NA,NA,NA,NA,NA,NA,NA,NA,NA,NA,NA,NA,NA
"ICK024",NA,"Batch 3",NA,"BKP01","BPK01",NA,"Bay 8","virus free",1,1,"Tanzania collection mission",2017-12-21,"Naliendele field genebank field genebank","negative","negative",NA,"positive","negative",NA,NA,NA,NA,"negative","negative",NA,NA,NA,NA,8,NA,NA,NA,NA,2018-09-21,NA,5
"ICK025",NA,"Batch 3",NA,"BKP03","BPK03",NA,"",NA,1,3,"Tanzania collection mission",2017-12-21,"Naliendele field genebank field genebank",NA,NA,NA,"positive","negative",NA,NA,NA,NA,"negative","negative",NA,NA,NA,NA,1,NA,NA,NA,NA,NA,NA,1
"ICK026",NA,"Batch 3",NA,"BKP08","BPK08",NA,"Bay 8","infected",1,2,"Tanzania collection mission",2017-12-21,NA,"positive","negative",2018-10-26,"negative","positive",NA,NA,NA,NA,"negative","negative","used as ACMV check",NA,NA,NA,5,NA,NA,NA,NA,2018-09-21,NA,4
"ICK027",NA,"Batch 3",NA,"BKP11","BPK11",NA,"Bay 8","infected",1,4,"Tanzania collection mission",2017-12-21,"Naliendele field genebank field genebank","positive","negative",NA,"positive","negative",NA,NA,NA,NA,"negative","negative",NA,NA,NA,NA,6,NA,NA,NA,NA,2018-09-21,NA,2
"ICK028",NA,"Batch 3",NA,"BKP13","BPK13",NA,"Bay 8","infected",1,4,"Tanzania collection mission",2017-11-01,"Naliendele field genebank field genebank","positive","negative",NA,"positive","negative",NA,NA,NA,NA,"negative","negative",NA,NA,NA,NA,10,NA,NA,NA,NA,2018-09-21,NA,4
"ICK029",NA,"Batch 3",NA,"BKP16","BPK16",NA,"LOST",NA,0,0,"Tanzania collection mission",2017-12-21,"Naliendele field genebank field genebank",NA,NA,NA,NA,NA,NA,NA,NA,NA,NA,NA,NA,NA,NA,"2019-09-11",24,NA,NA,NA,NA,2019-06-24,NA,6
"ICK030",NA,"LOST",NA,"BKP19","BPK19",NA,"LOST",NA,0,0,"Tanzania collection mission",2017-12-21,"Naliendele field genebank field genebank",NA,NA,NA,NA,NA,NA,NA,NA,NA,NA,NA,NA,NA,NA,NA,NA,NA,NA,NA,NA,2019-06-24,NA,0
"ICK031",NA,"Batch 3",NA,"BKP21","BPK21",NA,"Bay 8",NA,1,4,"Tanzania collection mission",2017-12-21,"Naliendele field genebank field genebank",NA,NA,NA,"positive","negative",NA,NA,NA,NA,"negative","negative",NA,NA,NA,NA,13,NA,NA,NA,NA,2018-09-21,NA,6
"ICK032",NA,"Batch 3",NA,"BKP22","BPK22",NA,"",NA,1,5,"Tanzania collection mission",2017-12-21,"Naliendele field genebank field genebank",NA,NA,NA,"positive","negative",NA,NA,NA,NA,"negative","negative",NA,NA,NA,NA,6,NA,NA,NA,NA,NA,NA,3
"ICK033",NA,"LOST",NA,"BKP23","BPK23",NA,"LOST",NA,0,0,"Tanzania collection mission",2017-12-21,"Naliendele field genebank field genebank",NA,NA,NA,NA,NA,NA,NA,NA,NA,NA,NA,NA,NA,NA,NA,NA,NA,NA,NA,NA,2019-06-24,NA,0
"ICK034",NA,"LOST",NA,"BKP24","BPK24",NA,"LOST","infected",0,0,"Tanzania collection mission",2017-11-01,"Naliendele field genebank field genebank","negative","positive",2019-01-24,"negative","negative",NA,NA,NA,NA,"positive","negative",NA,NA,NA,NA,NA,NA,NA,NA,NA,2019-09-24,NA,0
"ICK035",NA,"Batch 3",NA,"BKP27","BPK27",NA,"Bay 8","infected",1,2,"Tanzania collection mission",2017-12-21,"Naliendele field genebank field genebank","positive","negative",NA,"positive","negative",NA,NA,NA,NA,"negative","negative",NA,NA,NA,"2019-09-11",12,NA,NA,NA,NA,2018-09-21,NA,5
"ICK036",NA,"Batch 3",NA,"BKP28","BPK28",NA,"Bay 8","infected",1,1,"Tanzania collection mission",2017-12-21,"Naliendele field genebank field genebank","positive","negative",NA,"positive","negative",NA,NA,NA,NA,"negative","negative",NA,NA,NA,"2019-09-11",8,NA,NA,NA,NA,2018-09-21,NA,3
"ICK037",NA,"Batch 3",NA,"BKP29","BPK29",NA,"Bay 1","virus free",1,2,"Tanzania collection mission",2017-11-01,"Naliendele field genebank field genebank","negative","negative",NA,"positive","negative",NA,NA,NA,NA,"negative","negative",NA,NA,NA,NA,12,NA,NA,NA,NA,2018-09-01,NA,12
"ICK038",NA,"LOST",NA,"BKP30","BPK30",NA,"LOST",NA,0,0,"Tanzania collection mission",2017-12-21,"Naliendele field genebank field genebank",NA,NA,NA,NA,NA,NA,NA,NA,NA,NA,NA,NA,NA,NA,NA,NA,NA,NA,NA,NA,2019-06-24,NA,0
"ICK039",NA,"LOST",NA,"BKP31","BPK31",NA,"LOST",NA,0,0,"Tanzania collection mission",2017-12-21,NA,NA,NA,NA,NA,NA,NA,NA,NA,NA,NA,NA,NA,NA,NA,NA,NA,NA,NA,NA,NA,2019-06-24,NA,0
"ICK040",NA,"Batch 3",NA,"BKP33","BPK33",NA,"Bay 8","virus free",1,5,"Tanzania collection mission",2017-11-01,"Naliendele field genebank field genebank","negative","negative",NA,"positive","negative",NA,NA,NA,NA,"negative","negative",NA,2019-05-19,NA,NA,13,NA,NA,NA,NA,2018-09-21,NA,5
"ICK041",NA,"Batch 3",NA,"BKP36","BPK36",NA,"Bay 4","infected",1,4,"Tanzania collection mission",2017-12-21,NA,"positive","negative",NA,"positive","negative",NA,NA,NA,NA,"positive","negative",NA,NA,NA,NA,6,NA,NA,NA,NA,2018-09-01,NA,6
"ICK042",NA,"Batch 3",NA,"BKP38","BPK38",NA,"Bay 8","infected",1,4,"Tanzania collection mission",2017-11-01,"Naliendele field genebank field genebank","positive","negative",NA,"positive","negative",NA,NA,NA,NA,"negative","negative",NA,NA,NA,NA,NA,1,NA,NA,NA,2018-09-21,NA,1
"ICK043",NA,"Batch 1",NA,"BKP41","BPK41",NA,"Bay 3","virus free",2,5,"Tanzania collection mission",2017-11-01,"Naliendele field genebank field genebank","negative","negative",2019-02-19,"negative","negative",NA,NA,NA,NA,"negative","negative",NA,2019-05-19,NA,NA,NA,NA,NA,NA,NA,2018-09-01,NA,NA
"ICK044",NA,"Batch 3",NA,"BKP47","BKP02",NA,"Bay 8",NA,1,1,"Tanzania collection mission",2017-12-21,"Naliendele field genebank field genebank",NA,NA,NA,"positive","negative",NA,NA,NA,NA,"negative","negative",NA,2019-05-19,NA,NA,24,1,NA,NA,NA,2018-09-21,NA,7
"ICK045",NA,"Batch 1",NA,"BKP48","BKP03",NA,"Bay 3","virus free",1,3,"Tanzania collection mission",2017-11-01,"Naliendele field genebank field genebank","negative","negative",2019-02-19,"negative","negative",NA,NA,NA,NA,"negative","negative",NA,NA,NA,NA,NA,NA,NA,NA,NA,2018-09-01,NA,NA
"ICK046",NA,"Batch 1",NA,"BKP49","BKP04",NA,"Bay 3","virus free",1,4,"19th Feb 2019",2017-12-21,"Naliendele field genebank field genebank","negative","negative",2019-02-19,"negative","negative",NA,NA,NA,NA,"negative","negative",NA,NA,NA,NA,NA,NA,NA,NA,NA,2018-09-01,NA,NA
"ICK047",NA,"Batch 3",NA,"BKP50","BKP05",NA,"Bay 8",NA,1,5,"Tanzania collection mission",2017-12-21,"Naliendele field genebank field genebank",NA,NA,NA,"positive","negative",NA,NA,NA,NA,"negative","negative",NA,NA,NA,NA,NA,3,NA,NA,NA,2018-09-21,NA,3
"ICK048",NA,"Batch 3",NA,"BKP51","BKP06",NA,"Bay 8","virus free",1,3,"Tanzania collection mission",2017-12-21,"Naliendele field genebank field genebank","negative","negative",NA,"positive","negative",NA,NA,NA,NA,"negative","negative",NA,2019-05-19,NA,NA,16,NA,NA,NA,NA,2018-09-21,NA,5
"ICK049",NA,"Batch 3",NA,"BKP53","BKP08",NA,"Bay 8","virus free",1,1,"Tanzania collection mission",2017-12-21,"Naliendele field genebank field genebank","negative","negative",NA,"positive","negative",NA,NA,NA,NA,"negative","positive",NA,NA,NA,NA,6,NA,NA,NA,NA,2018-09-21,NA,5
"ICK050",NA,"Batch 3",NA,"BKP54","BKP09",NA,"Bay 8","virus free",1,2,"Tanzania collection mission",2017-12-21,"Naliendele field genebank field genebank","negative","negative",NA,"positive","negative",NA,NA,NA,NA,"negative","negative",NA,2019-05-19,NA,NA,5,NA,NA,NA,NA,2018-09-21,NA,5
"ICK051",NA,"Batch 3",NA,"BKP55","BKP10",NA,"Bay 8",NA,1,2,"Tanzania collection mission",2017-12-21,"Naliendele field genebank field genebank",NA,NA,NA,"positive","negative",NA,NA,NA,NA,"negative","negative",NA,NA,NA,NA,10,NA,NA,NA,NA,2018-09-21,NA,5
"ICK052",NA,"Batch 3",NA,"BKP56","BKP11",NA,"Bay 8",NA,1,1,"Tanzania collection mission",2017-12-21,"Naliendele field genebank field genebank",NA,NA,NA,"positive","negative",NA,NA,NA,NA,"negative","negative",NA,2019-05-19,NA,NA,5,1,NA,NA,NA,2018-09-21,NA,4
"ICK053",NA,"Batch 3",NA,"BKP58","BKP13",NA,"Bay 8","infected",1,4,"Tanzania collection mission",2017-11-01,"Naliendele field genebank field genebank","positive","Possible",NA,"positive","negative",NA,NA,NA,NA,"negative","positive",NA,2019-05-19,NA,NA,16,NA,NA,NA,NA,2018-09-21,NA,7
"ICK054",NA,"Batch 3",NA,"BKP59","BKP14",NA,"Bay 8",NA,1,3,"Tanzania collection mission",2017-12-21,"Naliendele field genebank field genebank",NA,NA,NA,"positive","negative",NA,NA,NA,NA,"negative","negative",NA,2019-05-19,NA,NA,10,NA,NA,NA,NA,2018-09-21,NA,6
"ICK055",NA,"Batch 3",NA,"BKP61","BKP16",NA,"Bay 8","infected",1,3,"Tanzania collection mission",2017-12-21,"Naliendele field genebank field genebank","positive","negative",NA,"positive","negative",NA,NA,NA,NA,"negative","negative",NA,NA,NA,NA,NA,NA,NA,NA,NA,2018-09-21,NA,4
"ICK056",NA,"Batch 1",NA,"BKP62","BKP17",NA,"Bay 3","virus free",1,2,"Tanzania collection mission",2017-12-21,"Naliendele field genebank field genebank","negative","negative",2019-02-19,"negative","negative",NA,NA,NA,NA,"negative","negative",NA,NA,NA,NA,NA,NA,NA,NA,2,2018-09-01,NA,NA
"ICK057",NA,"LOST",NA,"BKP64",NA,NA,"LOST",NA,0,0,NA,NA,NA,NA,NA,NA,NA,NA,NA,NA,NA,NA,NA,NA,NA,NA,NA,NA,NA,NA,NA,NA,NA,2019-06-24,NA,NA
"ICK058",NA,"Batch 3",NA,"BKP65","BKP20",NA,"Bay 8","infected",1,3,"Tanzania collection mission",2017-12-21,"Naliendele field genebank field genebank","positive","positive",NA,"positive","negative",NA,NA,NA,NA,"negative","negative",NA,2019-05-19,NA,NA,14,NA,NA,NA,NA,2018-09-21,NA,5
"ICK059",NA,"Batch 3",NA,"BKP66","BKP21",NA,"Bay 8",NA,1,5,"Tanzania collection mission",2017-12-21,"Naliendele field genebank field genebank",NA,NA,NA,"positive","negative",NA,NA,NA,NA,"negative",NA,NA,NA,NA,"2019-09-11",8,NA,NA,NA,NA,2018-09-21,NA,4
"ICK060",NA,"Batch 3",NA,"BKP67","BKP22",NA,"Bay 8",NA,1,3,"Tanzania collection mission",2017-12-21,"Naliendele field genebank field genebank",NA,NA,NA,"positive","negative",NA,NA,NA,NA,"negative","negative",NA,NA,NA,NA,8,NA,NA,NA,NA,2018-09-21,NA,7
"ICK061",NA,"Batch 3",NA,"BKP68","BKP23",NA,"Removed from Bay 3","infected",1,4,"Tanzania collection mission",2017-12-21,"Naliendele field genebank field genebank","positive","negative",NA,"positive","negative",NA,NA,NA,NA,"negative","negative",NA,NA,NA,NA,8,NA,NA,NA,NA,NA,NA,8
"ICK062",NA,"LOST",NA,"BKP71","BKP26",NA,"LOST",NA,0,0,"Tanzania collection mission",2017-12-21,"Naliendele field genebank field genebank",NA,NA,NA,NA,NA,NA,NA,NA,NA,NA,NA,NA,NA,NA,NA,NA,NA,NA,NA,NA,2019-06-24,NA,NA
"ICK063",NA,"LOST",NA,"BKP72","BKP27",NA,"LOST",NA,0,0,"Tanzania collection mission",2017-12-21,"Naliendele field genebank field genebank",NA,NA,NA,NA,NA,NA,NA,NA,NA,NA,NA,NA,NA,NA,NA,NA,NA,NA,NA,NA,2019-06-24,NA,NA
"ICK064",NA,"Batch 3",NA,"BKP73","BKP28",NA,"LOST",NA,0,0,NA,NA,NA,NA,NA,NA,NA,NA,NA,NA,NA,NA,NA,NA,NA,NA,NA,NA,NA,NA,NA,NA,NA,2019-06-24,NA,0
"ICK065",NA,"Batch 3",NA,"BKP74","BKP29",NA,"LOST",NA,0,0,"Tanzania collection mission",2017-12-21,"Naliendele field genebank field genebank",NA,NA,NA,NA,NA,NA,NA,NA,NA,NA,NA,NA,2019-05-19,NA,NA,9,NA,NA,NA,NA,2019-06-24,NA,5
"ICK066",NA,"LOST",NA,"BKP76","BKP31",NA,"LOST",NA,0,0,"Tanzania collection mission",2017-12-21,"Naliendele field genebank field genebank",NA,NA,NA,NA,NA,NA,NA,NA,NA,NA,NA,NA,NA,NA,NA,NA,NA,NA,NA,NA,2019-06-24,NA,NA
"ICK067",NA,"LOST",NA,"BKP79","BKP34",NA,"LOST",NA,0,0,"Tanzania collection mission",2017-12-21,"Naliendele field genebank field genebank",NA,NA,NA,NA,NA,NA,NA,NA,NA,NA,NA,NA,NA,NA,NA,NA,NA,NA,NA,NA,2019-06-24,NA,NA
"ICK068","Priority genotype","Rwanda and Burundi","Rwanda","Bulk/13",NA,"Shipment pending","Bay 1","virus free",2,3,"Rwanda",2018-06-27,"RAB  Rubona station","negative","negative",2018-10-26,"positive","negative",NA,NA,NA,NA,"negative","negative",NA,NA,NA,NA,7,NA,NA,NA,NA,2018-09-01,NA,4
"ICK069","Priority genotype","Rwanda and Burundi","Rwanda","Bulk/35",NA,"Shipment pending","Bay 1","virus free",2,4,"Rwanda",2018-06-27,"RAB  Rubona station","negative","negative",2018-10-26,"positive","negative",NA,NA,NA,NA,"negative","negative",NA,NA,NA,NA,5,NA,NA,NA,NA,2018-09-01,NA,5
"ICK070","Not priority","5 CP clone",NA,"CH05/203",NA,NA,"",NA,NA,NA,NA,NA,NA,NA,NA,NA,NA,NA,NA,NA,NA,NA,NA,NA,NA,NA,NA,NA,NA,NA,NA,4,10,NA,NA,999
"ICK071","Priority genotype","Batch 2",NA,"Dodoma",NA,NA,"","infected",1,3,"Lake Zone",2016-07-19,"Lake Zone","positive","negative",2019-01-24,"negative","negative",NA,NA,NA,2018-12-03,"negative","negative",NA,NA,NA,NA,4,1,NA,NA,NA,NA,NA,2
"ICK072",NA,"DSC clone",NA,"DSC118","COL 40",NA,"",NA,NA,NA,NA,NA,NA,NA,NA,NA,NA,NA,NA,NA,NA,NA,NA,NA,NA,2019-09-25,NA,NA,NA,NA,NA,NA,NA,NA,NA,NA
"ICK073",NA,"DSC clone",NA,"DSC120","COL 144",NA,"",NA,NA,NA,NA,NA,NA,NA,NA,NA,NA,NA,NA,NA,NA,NA,NA,NA,NA,2019-09-25,NA,NA,NA,NA,NA,NA,NA,NA,NA,NA
"ICK074",NA,"DSC clone",NA,"DSC122","COL 262",NA,"",NA,NA,NA,NA,NA,NA,NA,NA,NA,NA,NA,NA,NA,NA,NA,NA,NA,NA,2019-09-25,NA,NA,NA,NA,NA,NA,NA,NA,NA,NA
"ICK075",NA,"DSC clone",NA,"DSC167","COL 2182",NA,"",NA,NA,NA,NA,NA,NA,NA,NA,NA,NA,NA,NA,NA,NA,NA,NA,NA,NA,2019-09-25,NA,NA,NA,NA,NA,NA,NA,NA,NA,NA
"ICK076",NA,"DSC clone",NA,"DSC196","ECU 41",NA,"",NA,NA,NA,NA,NA,NA,NA,NA,NA,NA,NA,NA,NA,NA,NA,NA,NA,NA,2019-09-25,NA,NA,NA,NA,NA,NA,NA,NA,NA,NA
"ICK077",NA,"DSC clone",NA,"DSC199","ECU 159",NA,"LOST",NA,0,0,NA,NA,NA,NA,NA,NA,NA,NA,NA,NA,NA,NA,NA,NA,NA,NA,NA,NA,NA,NA,NA,NA,NA,NA,NA,NA
"ICK078",NA,"DSC clone",NA,"DSC248","PER 206",NA,"",NA,NA,NA,NA,NA,NA,NA,NA,NA,NA,NA,NA,NA,NA,NA,NA,NA,NA,NA,NA,NA,NA,NA,NA,NA,NA,NA,NA,NA
"ICK079",NA,"DSC clone",NA,"DSC250","PER 221",NA,"",NA,NA,NA,NA,NA,NA,NA,NA,NA,NA,NA,NA,NA,NA,NA,NA,NA,NA,NA,NA,NA,NA,NA,NA,NA,NA,NA,NA,NA
"ICK080",NA,"DSC clone",NA,"DSC251","PER 226",NA,"",NA,NA,NA,NA,NA,NA,NA,NA,NA,NA,NA,NA,NA,NA,NA,NA,NA,NA,2019-09-25,NA,NA,NA,NA,NA,NA,NA,NA,NA,NA
"ICK081",NA,"DSC clone",NA,"DSC257","PER 315",NA,"",NA,NA,NA,NA,NA,NA,NA,NA,NA,NA,NA,NA,NA,NA,NA,NA,NA,NA,2019-09-25,NA,NA,NA,NA,NA,NA,NA,NA,NA,NA
"ICK082",NA,"DSC clone",NA,"DSC258","PER 333",NA,"",NA,NA,NA,NA,NA,NA,NA,NA,NA,NA,NA,NA,NA,NA,NA,NA,NA,NA,NA,NA,NA,NA,NA,NA,NA,NA,NA,NA,NA
"ICK083",NA,"DSC clone",NA,"DSC260","PER 353",NA,"",NA,NA,NA,NA,NA,NA,NA,NA,NA,NA,NA,NA,NA,NA,NA,NA,NA,NA,2019-09-25,NA,NA,NA,NA,NA,NA,NA,NA,NA,NA
"ICK084",NA,"DSC clone",NA,"DSC269","PER 556",NA,"",NA,NA,NA,NA,NA,NA,NA,NA,NA,NA,NA,NA,NA,NA,NA,NA,NA,NA,2019-09-25,NA,NA,NA,NA,NA,NA,NA,NA,NA,NA
"ICK085",NA,"DSC clone",NA,"DSC272","PER 597",NA,"",NA,NA,NA,NA,NA,NA,NA,NA,NA,NA,NA,NA,NA,NA,NA,NA,NA,NA,NA,NA,NA,NA,NA,NA,NA,NA,NA,NA,NA
"ICK086",NA,"Batch 2",NA,"EPM01",NA,NA,"",NA,1,3,"Tanzania collection mission",2017-11-01,"Naliendele field genebank field genebank",NA,NA,NA,"positive","negative",NA,NA,NA,NA,"negative","negative",NA,NA,NA,NA,1,NA,NA,NA,1,NA,NA,1
"ICK087",NA,"Batch 1",NA,"EPM02",NA,NA,"Bay 6",NA,1,1,"Tanzania collection mission",2017-12-21,NA,NA,NA,2019-06-18,"negative","negative",NA,NA,NA,2019-06-20,"negative","negative",NA,NA,NA,NA,NA,NA,NA,NA,NA,2018-09-21,NA,5
"ICK088",NA,"Batch 2",NA,"EPM03",NA,NA,"LOST",NA,0,0,"Tanzania collection mission",2017-12-21,NA,NA,NA,NA,NA,NA,NA,NA,NA,NA,NA,NA,NA,NA,NA,NA,2,1,NA,NA,1,2019-06-24,NA,3
"ICK089",NA,"Batch 1",NA,"EPM17",NA,NA,"LOST",NA,0,0,"Tanzania collection mission",2017-12-21,NA,NA,NA,2019-06-18,"negative","negative",NA,NA,NA,2019-06-20,"negative","negative",NA,NA,NA,NA,NA,NA,NA,NA,NA,2019-09-24,NA,2
"ICK090",NA,"Batch 2",NA,"EPM18",NA,NA,"Bay 6","infected",1,3,"Tanzania collection mission",2017-12-21,NA,"positive","negative",2019-06-18,"positive","negative",NA,NA,NA,2019-06-20,"negative","negative",NA,NA,NA,NA,NA,NA,NA,NA,3,2018-09-21,NA,NA
"ICK091",NA,"Batch 1",NA,"EPM35",NA,NA,"Bay 6",NA,1,2,"Tanzania collection mission",2017-12-21,NA,NA,NA,2019-06-18,"negative","negative",NA,NA,NA,2019-06-20,"negative","negative",NA,NA,NA,NA,NA,NA,NA,NA,NA,2018-09-21,NA,3
"ICK092",NA,"Batch 1",NA,"EPM36a","EPM36a (Light green petiole at Kibaha)",NA,"Bay 3","infected",1,3,"Tanzania collection mission",2017-12-21,NA,"Inconclusive","negative",2019-02-19,"negative","negative",NA,NA,NA,NA,"negative","negative",NA,NA,NA,NA,NA,NA,NA,NA,NA,2018-09-01,NA,NA
"ICK093",NA,"Batch 2",NA,"EPM36b","EPM36b (redder stem)",NA,"Bay 6",NA,1,4,NA,2017-12-21,NA,NA,NA,NA,"positive","negative",NA,NA,NA,NA,"negative","negative",NA,NA,NA,NA,1,NA,NA,NA,4,2018-09-21,NA,1
"ICK094",NA,"LOST",NA,"EPM38",NA,NA,"LOST",NA,0,0,"Tanzania collection mission",2017-12-21,NA,NA,NA,NA,NA,NA,NA,NA,NA,NA,NA,NA,NA,NA,NA,NA,NA,NA,NA,NA,NA,2019-06-24,NA,NA
"ICK095",NA,"Batch 2",NA,"EPM45","EPM45 (Bright Red)",NA,"Bay 4","infected",1,3,"Tanzania collection mission",2017-11-01,"Naliendele field genebank field genebank","positive","negative",2019-06-18,"negative","negative",NA,NA,NA,2019-06-20,"negative","negative",NA,2019-03-19,NA,NA,6,NA,NA,NA,NA,2018-09-01,NA,2
"ICK096",NA,"LOST",NA,"EPM48",NA,NA,"LOST",NA,0,0,"Tanzania collection mission",2017-12-21,NA,NA,NA,NA,NA,NA,NA,NA,NA,NA,NA,NA,NA,NA,NA,NA,NA,NA,NA,NA,NA,2019-06-24,NA,NA
"ICK097","Not priority","5 CP clone",NA,"Eyope",NA,NA,"",NA,NA,NA,NA,NA,NA,NA,NA,NA,NA,NA,NA,NA,NA,NA,NA,NA,NA,NA,NA,NA,NA,NA,NA,5,6,NA,NA,NA
"ICK098","Priority genotype","5 CP clone",NA,"F10-30-R2",NA,NA,"",NA,NA,NA,NA,NA,NA,NA,NA,NA,NA,NA,NA,NA,NA,NA,NA,NA,NA,NA,NA,NA,NA,NA,NA,0,0,NA,NA,NA
"ICK099","Priority genotype","Rwanda and Burundi","Burundi","Fyiroko",NA,NA,"Bay 1","infected",2,4,"Burundi",2018-06-27,NA,"positive","negative",2018-10-26,"positive","negative",NA,NA,NA,NA,"negative","negative",NA,NA,NA,NA,3,NA,NA,NA,NA,2018-09-01,NA,3
"ICK100","Priority genotype","Rwanda and Burundi","Rwanda","Gahene/2","Gahene/2","Shipment pending","Bay 1","virus free",4,9,"Rwanda",2018-06-27,"RAB  Rubona station","negative","negative",NA,"positive","negative",NA,NA,NA,NA,"negative","negative",NA,NA,NA,"2019-05-01",9,NA,NA,NA,NA,2018-09-01,NA,7
"ICK101","Priority genotype","Rwanda and Burundi","Rwanda","GG01_Gacyacyali","Gacyacyali","Shipped 16th July","Bay 1","virus free",2,4,"Rwanda",2018-06-27,"RAB  Rubona station","negative","negative",2018-10-26,"negative","negative",NA,NA,NA,NA,"negative","negative",NA,NA,NA,NA,NA,NA,NA,1,NA,2018-09-01,NA,NA
"ICK102","Priority genotype","Rwanda and Burundi","Rwanda","GG02_Iminayiro","Iminayiro (Kibomwe, Maryoha)","Shipment pending","Bay 1","virus free",1,3,"Rwanda",2018-06-27,"RAB  Rubona station","negative","negative",2018-10-26,"positive","negative",NA,NA,NA,NA,"negative","negative",NA,NA,NA,NA,16,1,NA,NA,NA,2018-09-01,NA,6
"ICK103","Priority genotype","Rwanda and Burundi","Rwanda","GG03_Rutanihisha","Rutanihisha","Shipment pending","Bay 1","virus free",1,1,"Rwanda",2018-06-27,"RAB  Rubona station","negative","negative",2018-10-26,"positive","negative",NA,NA,NA,NA,"negative","negative","No label",NA,NA,"2019-03-01",3,NA,NA,NA,NA,2018-09-01,NA,3
"ICK104","Priority genotype","Rwanda and Burundi","Rwanda","GG04_Nyiramabuye","Nyiramabuye (Mahogo, Gumino)","Shipped 16th July","Bay 1","virus free",2,4,"Rwanda",2018-06-27,"RAB  Rubona station","negative","negative",2019-01-24,"negative","negative",NA,NA,NA,2018-12-03,"negative","negative",NA,NA,NA,"2019-03-01",NA,NA,NA,NA,3,2018-09-01,NA,NA
"ICK105","Priority genotype","Rwanda and Burundi","Rwanda","GG05_Mbakungahaze","Mbakungahaze (95/NA/00063)","Shipped 16th July","Bay 1","virus free",1,3,"Rwanda",2018-06-27,"RAB  Rubona station","negative","negative",2019-01-24,"negative","negative",NA,NA,NA,2018-12-03,"negative","negative",NA,NA,NA,NA,NA,NA,NA,3,NA,2018-09-01,NA,NA
"ICK106","Priority genotype","Rwanda and Burundi","Rwanda","GG07_Unknown 07","Unknown 07","Shipment pending","Bay 1","virus free",2,6,"Rwanda",2018-06-27,"RAB  Rubona station","negative","negative",2018-10-26,"positive","negative",NA,NA,NA,NA,"negative","negative",NA,NA,NA,NA,7,NA,NA,NA,NA,2018-09-01,NA,4
"ICK107","Priority genotype","Rwanda and Burundi","Rwanda","GG11_Imitarina","Imitarina","Shipment pending","Bay 1","infected",1,3,"Rwanda",2018-06-27,"RAB  Rubona station","positive","negative",2018-10-26,"positive","negative",NA,NA,NA,NA,"negative","negative",NA,NA,NA,"2019-09-11",NA,NA,NA,2,NA,2018-09-01,NA,0
"ICK108","Priority genotype","Rwanda and Burundi","Rwanda","GG13_Rwizihiza","(MM96/3920) Rwizihiza","Shipment pending","LOST","virus free",0,0,"Rwanda",2018-06-27,"RAB  Rubona station","negative","negative",2018-10-26,"positive","negative",NA,NA,NA,NA,NA,NA,"No label",NA,NA,"2019-03-01",5,NA,NA,NA,NA,2019-06-24,NA,5
"ICK109","Priority genotype","Rwanda and Burundi","Rwanda","GG20_Gitaminisi","Gitaminisi (Eala07)","Shipment pending","Bay 1","infected",1,4,"Rwanda",2018-06-27,"RAB  Rubona station","positive","negative",2018-10-26,"positive","positive",NA,NA,NA,NA,"negative","negative",NA,NA,NA,NA,4,1,NA,NA,NA,2018-09-01,NA,4
"ICK110","Priority genotype","Rwanda and Burundi","Rwanda","GG23_Mushedile","Mushedile","Shipment pending","Bay 1","virus free",1,2,"Rwanda",2018-06-27,"RAB  Rubona station","negative","negative",2018-10-26,"positive","negative",NA,NA,NA,NA,"negative","negative",NA,NA,NA,"2019-03-01",3,NA,NA,NA,NA,2018-09-01,NA,3
"ICK111","Priority genotype","Rwanda and Burundi","Rwanda","GG24_Nyirakarasi","Nyirakarasi","Shipment pending","Bay 1","infected",1,3,"Rwanda",2018-06-27,"RAB  Rubona station","positive","possible",2018-10-26,"positive","positive",NA,NA,NA,NA,"negative","negative",NA,NA,NA,NA,18,6,NA,NA,NA,2018-09-01,NA,5
"ICK112","Priority genotype","Rwanda and Burundi","Rwanda","GG35_I92/0057","I92/0057 (Cyizere)","Shipped 16th July","Bay 1","virus free",1,4,"Rwanda",2018-06-27,"RAB  Rubona station","negative","negative",2018-10-26,"negative","negative",NA,NA,NA,NA,"negative","negative",NA,NA,NA,NA,NA,NA,NA,2,NA,2018-09-01,NA,NA
"ICK113","Priority genotype","Rwanda and Burundi","Rwanda","GG37_Mavoka","Mavoka (MM96/0287)",NA,"LOST","virus free",0,0,"Burundi",2018-06-27,NA,"negative","negative",NA,NA,NA,NA,NA,NA,NA,NA,NA,NA,NA,NA,"2019-03-01",5,NA,NA,NA,NA,2019-06-24,NA,5
"ICK114","Priority genotype","Rwanda and Burundi","Rwanda","GG41_Gahene","Gahene","Shipment pending","LOST","virus free",0,0,"Rwanda",2018-06-27,"RAB  Rubona station","negative","negative",2018-10-26,"positive","negative",NA,NA,NA,NA,"negative","negative","No label",NA,NA,NA,1,NA,NA,NA,NA,2019-09-24,NA,1
"ICK115","Priority genotype","Rwanda and Burundi","Rwanda","GG43_Unknown 43","Unknown 43","Shipment pending","Bay 1","virus free",2,4,"Rwanda",2018-06-27,"RAB  Rubona station","negative","negative",2018-10-26,"positive","negative",NA,NA,NA,NA,"negative","negative",NA,NA,NA,"2019-05-01",13,NA,NA,NA,NA,2018-09-01,NA,7
"ICK116","Priority genotype","Rwanda and Burundi","Rwanda","GG46_Bereryinkumi","Bereryinkumi (Butanyu)","Shipped 16th July","Bay 1","virus free",2,4,"Rwanda",2018-06-27,"RAB  Rubona station","negative","negative",2019-01-24,"negative","negative",NA,NA,NA,2018-12-03,"negative","negative",NA,NA,NA,NA,NA,NA,NA,2,NA,2018-09-01,NA,NA
"ICK117","Priority genotype","Rwanda and Burundi","Rwanda","GG48_MM96/4618","MM96/4618","Shipped 16th July","Bay 1","virus free",1,2,"Rwanda",2018-06-27,"RAB  Rubona station","negative","negative",2019-01-24,"negative","negative",NA,NA,NA,2018-12-03,"negative","negative",NA,NA,NA,NA,3,1,NA,NA,NA,2018-09-01,NA,3
"ICK118","Priority genotype","Rwanda and Burundi","Rwanda","GG49_MM96/8299","MM96/8299 (Makadamiya)","Shipped 16th July","Bay 1","infected",1,3,"Rwanda",2018-06-27,"RAB  Rubona station","Inconclusive","negative",2019-01-24,"negative","negative",NA,NA,NA,2018-12-03,"negative","negative",NA,NA,NA,NA,3,NA,NA,NA,NA,2018-09-01,NA,3
"ICK119","Priority genotype","Rwanda and Burundi","Rwanda","GG52_Seruruseke","Seruruseke (MM96/5280)",NA,"LOST","virus free",2,5,"Burundi",2018-06-27,NA,"negative","negative",2018-10-26,"positive","negative",NA,NA,NA,NA,NA,NA,"No label",NA,NA,"2019-05-01",12,2,NA,NA,NA,2019-06-24,NA,7
"ICK120","Priority genotype","Rwanda and Burundi","Burundi","Gitikatika",NA,"Shipped 25th July 2019","Bay 1","virus free",1,5,"Burundi",2018-06-27,NA,"negative","negative",2019-01-24,"negative","negative",NA,NA,NA,2018-12-03,"negative","negative",NA,NA,NA,NA,NA,NA,NA,NA,2,2018-09-01,NA,NA
"ICK121","Priority genotype","Batch 2",NA,"Hombolo","Hombolo (KEPHIS)",NA,"Bay 7","virus free",1,2,"Lake Zone",2016-07-19,"Lake Zone","negative","negative",NA,"negative","positive",NA,NA,NA,2018-12-03,"negative","negative",NA,NA,NA,NA,NA,3,NA,NA,NA,2018-09-01,NA,2
"ICK122",NA,"Batch 2",NA,"Horti_06",NA,NA,"Bay 1","virus free",1,4,"Tanzania collection mission",2017-09-28,NA,"negative","negative",2019-06-18,"negative","negative",NA,NA,NA,2019-06-20,"positive","negative",NA,NA,NA,"2019-05-01",7,NA,NA,NA,16,2018-09-01,NA,7
"ICK123",NA,"LOST",NA,"Horti_10",NA,NA,"LOST",NA,0,0,"Tanzania collection mission",2017-11-01,"Naliendele field genebank field genebank",NA,NA,NA,NA,NA,NA,NA,NA,NA,NA,NA,NA,NA,NA,NA,NA,NA,NA,NA,NA,2019-09-24,NA,NA
"ICK124",NA,"Batch 2",NA,"Horti_13",NA,NA,"Bay 3","infected",1,3,"Tanzania collection mission",2017-09-28,NA,"Inconclusive","negative",2019-02-19,"positive","negative",NA,NA,NA,NA,"negative","negative",NA,NA,NA,"2019-05-01",4,NA,NA,NA,NA,2018-09-01,NA,4
"ICK125",NA,"Batch 1",NA,"Horti_16",NA,NA,"Bay 1","virus free",1,1,"Tanzania collection mission",NA,NA,"negative","negative",2019-06-18,"negative","negative",NA,NA,NA,2019-06-20,"negative","negative","Difficult in vitro",NA,NA,"2019-09-11",NA,NA,NA,NA,NA,2018-09-01,NA,1
"ICK126",NA,"Batch 2",NA,"Horti_17",NA,NA,"LOST","virus free",0,0,"Tanzania collection mission",2017-09-28,NA,"negative","negative",2019-06-18,"negative","negative",NA,NA,NA,2019-06-20,"positive","negative",NA,NA,NA,"2019-09-11",NA,2,NA,NA,NA,2019-09-24,NA,2
"ICK127",NA,"LOST",NA,"Horti_18",NA,NA,"LOST","virus free",0,0,"Tanzania collection mission",2017-09-28,NA,"negative","negative",NA,"negative","negative",NA,NA,NA,NA,"negative","positive",NA,NA,NA,NA,NA,NA,NA,NA,NA,2019-09-24,NA,NA
"ICK128",NA,"Batch 2",NA,"Horti_20",NA,NA,"Bay 3","virus free",1,1,"Tanzania collection mission",2017-09-28,NA,"negative","negative",2019-02-19,"positive","negative",NA,NA,NA,NA,"negative","negative",NA,NA,NA,"2019-05-01",1,NA,NA,NA,NA,2018-09-01,NA,1
"ICK129",NA,"Batch 2",NA,"Horti_22",NA,NA,"LOST",NA,0,0,"Tanzania collection mission",2017-11-01,"Naliendele field genebank field genebank",NA,NA,NA,"negative","negative",NA,NA,NA,NA,"positive","negative",NA,NA,NA,"2019-09-11",NA,1,NA,NA,NA,2019-09-24,NA,1
"ICK130",NA,"Batch 1",NA,"Horti_23",NA,NA,"Bay 3","virus free",1,1,"Tanzania collection mission",2017-11-01,"Naliendele field genebank field genebank","negative","negative",2019-02-19,"negative","negative",NA,NA,NA,NA,"negative","negative",NA,NA,NA,NA,NA,NA,NA,NA,NA,2018-09-01,NA,NA
"ICK131",NA,"LOST",NA,"Horti_26",NA,NA,"LOST",NA,0,0,"Tanzania collection mission",2017-09-28,NA,NA,NA,NA,NA,NA,NA,NA,NA,NA,NA,NA,NA,NA,NA,NA,NA,NA,NA,NA,NA,2019-09-24,NA,NA
"ICK132",NA,"LOST",NA,"Horti_27",NA,NA,"LOST",NA,0,0,"Tanzania collection mission",2017-09-28,NA,NA,NA,NA,NA,NA,NA,NA,NA,NA,NA,NA,NA,NA,NA,NA,NA,NA,NA,NA,NA,2019-09-24,NA,NA
"ICK133",NA,"LOST",NA,"Horti_28",NA,NA,"LOST","virus free",0,0,"Tanzania collection mission",2017-09-28,NA,"negative","negative",NA,NA,NA,NA,NA,NA,NA,"negative","negative",NA,NA,NA,NA,NA,NA,NA,NA,NA,2019-09-24,NA,NA
"ICK134",NA,"Batch 1",NA,"Horti_29",NA,NA,"Bay 3",NA,1,3,"Tanzania collection mission",2017-11-01,"Naliendele field genebank field genebank","negative",NA,2019-02-19,"negative","negative",NA,NA,NA,NA,"negative","negative",NA,NA,NA,NA,NA,NA,NA,NA,NA,2018-09-01,NA,NA
"ICK135",NA,"Batch 2",NA,"Horti_31",NA,NA,"LOST",NA,0,0,NA,NA,NA,NA,NA,NA,NA,NA,NA,NA,NA,NA,NA,NA,NA,NA,NA,NA,4,NA,NA,NA,4,2019-09-24,NA,2
"ICK136",NA,"Batch 1",NA,"Horti_32",NA,NA,"Bay 1",NA,1,1,"Tanzania collection mission",2017-09-28,NA,NA,NA,2019-06-18,"negative","negative",NA,NA,NA,2019-06-20,"negative","negative",NA,NA,NA,"2019-09-11",NA,NA,NA,NA,NA,2018-09-01,NA,3
"ICK137",NA,"LOST",NA,"Horti_33",NA,NA,"LOST","virus free",0,0,"Tanzania collection mission",2017-09-28,NA,"negative","negative",NA,NA,NA,NA,NA,NA,NA,"negative","negative",NA,NA,NA,NA,NA,NA,NA,NA,NA,2019-09-24,NA,NA
"ICK138",NA,"Batch 2",NA,"Horti_34",NA,NA,"LOST","infected",0,0,"Tanzania collection mission",2017-09-28,NA,"positive","positive",NA,"positive","negative",NA,NA,NA,NA,"negative","Inconclusive",NA,NA,NA,NA,8,NA,NA,NA,NA,2019-09-24,NA,4
"ICK139",NA,"LOST",NA,"Horti_41",NA,NA,"LOST",NA,0,0,"Tanzania collection mission",2017-11-01,"Naliendele field genebank field genebank",NA,NA,NA,"negative","negative",NA,NA,NA,NA,"positive","negative",NA,NA,NA,NA,NA,NA,NA,NA,NA,2019-09-24,NA,NA
"ICK140",NA,"LOST",NA,"Horti_44",NA,NA,"LOST","virus free",0,0,"Tanzania collection mission",2017-11-01,"Naliendele field genebank field genebank","negative","negative",NA,"negative","negative",NA,NA,NA,NA,"negative","positive",NA,NA,NA,NA,NA,NA,NA,NA,NA,2019-09-24,NA,NA
"ICK141",NA,"LOST",NA,"Horti_46",NA,NA,"LOST",NA,0,0,"Tanzania collection mission",2017-09-28,NA,NA,NA,NA,NA,NA,NA,NA,NA,NA,NA,NA,NA,NA,NA,NA,NA,NA,NA,NA,NA,2019-09-24,NA,NA
"ICK142",NA,"Breeding line",NA,"I96/1089A",NA,NA,"Bay 4","infected",1,4,"IITA",2018-01-01,NA,"Inconclusive","negative",2019-02-19,"negative","negative",NA,NA,NA,2019-08-27,"negative","negative",NA,NA,NA,"2019-09-11",NA,NA,NA,NA,NA,2019-01-29,NA,999
"ICK143","Priority genotype","Rwanda and Burundi","Burundi","Imizariya",NA,NA,"Bay 1","virus free",2,4,"Burundi",2018-06-27,NA,"negative","negative",2018-10-26,"negative","positive",NA,NA,NA,NA,"negative","negative",NA,NA,NA,"2019-05-01",6,NA,NA,NA,NA,2018-09-01,NA,3
"ICK144","Priority genotype","LOST",NA,"Kachanga","KACHANGA (KEPHIS)",NA,"LOST",NA,0,0,"Lake Zone",2016-07-19,"Lake Zone",NA,NA,NA,NA,NA,NA,NA,NA,NA,NA,NA,NA,NA,NA,NA,NA,NA,NA,NA,NA,2019-09-24,NA,NA
"ICK145",NA,"Batch 2",NA,"Kaleso","KAC2 Ana No. 201",NA,"Bay 4","infected",1,1,NA,NA,"BecA glasshouse","positive","negative",NA,"positive","negative",NA,NA,NA,NA,"negative","negative",NA,NA,NA,NA,7,NA,NA,NA,NA,2018-09-01,NA,7
"ICK146",NA,"Batch 2",NA,"Namikonga Admixture","KAG2 Ana No. 205",NA,"Bay 4","virus free",1,1,NA,NA,"BecA glasshouse","negative","negative",NA,NA,NA,NA,NA,NA,NA,NA,NA,NA,NA,NA,NA,8,NA,NA,NA,NA,2018-09-01,NA,6
"ICK147",NA,"Batch 2",NA,"Kaleso2","KAD1 Anna No.194",NA,"Bay 4","virus free",1,1,NA,NA,"BecA glasshouse","negative","negative",NA,"positive","negative",NA,NA,NA,NA,"negative","negative",NA,NA,NA,"2019-09-11",12,1,NA,NA,NA,2018-09-01,NA,6
"ICK148","Priority genotype","Batch 2",NA,"Kalinda","FAK007",NA,"","virus free",1,1,"Naliendele",2016-06-01,"Naliendele field genebank","negative","negative",NA,"negative","negative",NA,NA,NA,2018-12-03,"negative","negative",NA,NA,NA,NA,5,2,NA,NA,NA,NA,NA,2
"ICK149",NA,"LOST",NA,"Kalingisi","KALINGISI (KEPHIS)",NA,"LOST",NA,0,0,"Lake Zone",2016-07-19,"Lake Zone",NA,NA,NA,NA,NA,NA,NA,NA,NA,NA,NA,NA,NA,NA,NA,NA,NA,NA,NA,NA,2019-09-24,NA,NA
"ICK150",NA,"Batch 2",NA,"Kalulu","Kalulu (KEPHIS)",NA,"Bay 7",NA,1,1,NA,NA,NA,NA,NA,NA,"positive","negative",NA,NA,NA,NA,"negative","negative",NA,NA,NA,NA,8,NA,NA,NA,8,2018-09-01,NA,5
"ICK151","Priority genotype","Breeding line",NA,"KBH2002/018",NA,NA,"Bay 4","virus free",1,1,"Chambezi",NA,NA,"negative","negative",2019-02-19,"negative","negative",NA,NA,NA,2019-08-27,"negative","negative",NA,NA,NA,"2019-05-01",NA,NA,NA,NA,NA,2018-09-01,NA,6
"ICK152",NA,"Breeding line",NA,"KBH2002/363","KBH2002/0363 (KEPHIS)",NA,"Missing","virus free",1,3,"Chambezi",2016-10-01,NA,"negative","negative",NA,"negative","positive",NA,NA,NA,NA,NA,NA,NA,NA,NA,"2019-09-11",NA,NA,NA,NA,NA,NA,NA,999
"ICK153","Not priority","5 CP clone",NA,"KBH2002/066",NA,NA,"",NA,NA,NA,NA,NA,NA,NA,NA,NA,NA,NA,NA,NA,NA,NA,NA,NA,NA,NA,NA,NA,NA,NA,NA,1,6,NA,NA,999
"ICK154",NA,"Breeding line",NA,"KBH2002/477","KBH2002/477 (KEPHIS)",NA,"LOST","infected",0,0,"Chambezi",2016-10-01,NA,"positive","negative",NA,"positive","negative",NA,NA,NA,NA,NA,NA,NA,NA,NA,NA,NA,NA,NA,NA,NA,2019-09-24,NA,999
"ICK155",NA,"Breeding line",NA,"KBH2002/482","KBH2002/482 (KEPHIS)",NA,"LOST","infected",0,0,"Chambezi",2016-10-01,NA,"negative","?",2019-02-19,"negative","negative",NA,NA,NA,2019-08-27,"negative","negative",NA,NA,NA,NA,NA,NA,NA,NA,NA,2019-09-24,NA,6
"ICK156",NA,"LOST",NA,"KBH2002/494","KBH2002/494 (KEPHIS)",NA,"LOST",NA,0,0,"Chambezi",2016-10-01,NA,NA,NA,NA,NA,NA,NA,NA,NA,NA,NA,NA,NA,NA,NA,NA,NA,NA,NA,NA,NA,2019-09-24,NA,NA
"ICK157",NA,"Breeding line",NA,"KBH2002/505",NA,NA,"Bay 4","infected",1,4,"Chambezi",2018-02-27,NA,"negative","positive",2019-02-19,"positive","negative",NA,NA,NA,2019-08-27,"negative","negative",NA,NA,NA,NA,NA,NA,NA,NA,NA,2018-09-01,NA,2
"ICK158","Not priority","5 CP clone",NA,"KBH2006/026",NA,NA,"",NA,NA,NA,NA,NA,NA,NA,NA,NA,NA,NA,NA,NA,NA,NA,NA,NA,NA,NA,NA,NA,NA,NA,NA,4,0,NA,NA,999
"ICK159","Priority genotype","Breeding line",NA,"KBH2016B/020",NA,NA,"Bay 4","virus free",4,8,NA,NA,NA,"negative","negative",NA,"negative","negative",NA,NA,NA,2018-12-03,"negative","negative",NA,NA,NA,NA,NA,NA,NA,NA,NA,2019-01-29,NA,999
"ICK160","Priority genotype","Breeding line",NA,"KBH2016B/087",NA,NA,"LOST","virus free",0,0,NA,NA,NA,"negative","negative",NA,"negative","negative",NA,NA,NA,2018-12-03,"negative","negative",NA,NA,NA,NA,NA,NA,NA,NA,NA,2019-09-24,NA,999
"ICK161","Priority genotype","Breeding line",NA,"KBH2016B/185",NA,NA,"Bay 4","virus free",6,10,NA,NA,NA,"negative","negative",NA,"negative","negative",NA,NA,NA,2018-12-03,"negative","negative",NA,NA,NA,NA,NA,NA,NA,NA,NA,2019-01-29,NA,999
"ICK162","Priority genotype","Breeding line",NA,"KBH2016B/504",NA,NA,"Bay 4","virus free",6,10,NA,NA,NA,"negative","negative",NA,"negative","negative",NA,NA,NA,2018-12-03,"negative","negative",NA,NA,NA,NA,NA,NA,NA,NA,NA,2019-01-29,NA,999
"ICK163","Priority genotype","Breeding line",NA,"KBH2016B/521",NA,NA,"Bay 4","virus free",6,10,NA,NA,NA,"negative","negative",NA,"negative","negative",NA,NA,NA,2018-12-03,"negative","negative",NA,NA,NA,NA,NA,NA,NA,NA,NA,2019-01-29,NA,999
"ICK164","Priority genotype","Breeding line",NA,"KBH96/1056","FAK001",NA,"",NA,1,2,"Naliendele",2016-06-01,"Naliendele field genebank",NA,NA,NA,"positive","negative",NA,NA,NA,NA,"negative","negative",NA,NA,NA,"2019-09-11",NA,NA,NA,NA,NA,NA,NA,0
"ICK165","Priority genotype","Breeding line",NA,"KBH96/1056_1",NA,NA,"Bay 4","virus free",1,2,"Chambezi",2018-02-27,NA,"negative","negative",2019-02-19,"negative","negative",NA,"positive","negative",2019-08-27,"negative","negative",NA,NA,NA,NA,NA,NA,NA,NA,NA,2019-01-29,NA,999
"ICK166","Not priority","5 CP clone",NA,"Kibandameno",NA,NA,"",NA,NA,NA,NA,NA,NA,NA,NA,NA,NA,NA,NA,NA,NA,NA,NA,NA,NA,NA,NA,NA,NA,NA,NA,2,6,NA,NA,999
"ICK167","Priority genotype","Batch 2",NA,"Kigoma_Red","FAK008",NA,"Bay 7","infected",1,3,"Chambezi, Naliendele",2016-10-01,"Naliendele field genebank","negative","positive",NA,"negative","negative",NA,NA,NA,2018-12-03,"negative","positive",NA,NA,NA,NA,12,NA,NA,NA,NA,2018-09-01,NA,6
"ICK168",NA,"Breeding line",NA,"Kiroba","Kiroba (KEPHIS)",NA,"LOST",NA,0,0,"Chambezi",2016-10-01,NA,NA,NA,NA,NA,NA,NA,NA,NA,NA,NA,NA,NA,NA,NA,NA,NA,NA,NA,NA,NA,2019-09-24,NA,NA
"ICK169",NA,"LOST",NA,"Kitumbua","Kitumbua (KEPHIS)",NA,"LOST",NA,0,0,"Chambezi",2016-10-01,NA,NA,NA,NA,NA,NA,NA,NA,NA,NA,NA,NA,NA,NA,NA,NA,NA,NA,NA,NA,NA,2019-09-24,NA,NA
"ICK170","Priority genotype","5 CP clone",NA,"Kizimbane",NA,NA,"",NA,NA,NA,NA,NA,NA,NA,NA,NA,NA,NA,NA,NA,NA,NA,NA,NA,NA,NA,NA,NA,NA,NA,NA,0,11,NA,NA,999
"ICK171",NA,"Batch 3",NA,"KS03",NA,NA,"LOST","virus free",0,0,"Tanzania collection mission",2017-11-01,"Naliendele field genebank field genebank","negative","negative",NA,"positive","negative",NA,NA,NA,NA,"positive","negative",NA,NA,NA,"2019-05-01",NA,NA,NA,NA,NA,2019-09-24,NA,0
"ICK172",NA,"Batch 3",NA,"KS05",NA,NA,"Bay 6","infected",1,1,"Tanzania collection mission",2017-11-01,"Naliendele field genebank field genebank","negative","positive",2019-06-18,"positive","negative",NA,NA,NA,2019-06-20,"negative","positive",NA,NA,NA,NA,NA,2,NA,NA,NA,2018-09-21,NA,2
"ICK173",NA,"LOST",NA,"KS06",NA,NA,"LOST",NA,0,0,"Tanzania collection mission",2017-12-21,NA,NA,NA,NA,NA,NA,NA,NA,NA,NA,NA,NA,NA,NA,NA,NA,NA,NA,NA,NA,NA,2019-09-24,NA,NA
"ICK174",NA,"Batch 3",NA,"KS07",NA,NA,"Bay 6","virus free",1,3,"Tanzania collection mission",2017-11-01,"Naliendele field genebank field genebank","negative","negative",2019-06-18,"negative","negative",NA,NA,NA,2019-06-20,"negative","positive",NA,NA,NA,"2019-09-11",2,NA,NA,NA,1,2018-09-21,NA,2
"ICK175",NA,"Batch 3",NA,"KS08",NA,NA,"Bay 3","virus free",1,2,"Tanzania collection mission",2017-11-01,"Naliendele field genebank field genebank","negative","negative",2019-02-19,"negative","negative",NA,NA,NA,NA,"negative","negative",NA,NA,NA,NA,0,NA,NA,NA,NA,2018-09-01,NA,0
"ICK176",NA,"Batch 3",NA,"KS09",NA,NA,"Bay 6","infected",1,1,"Tanzania collection mission",2017-11-01,"Naliendele field genebank field genebank","negative","Possible",NA,"positive","negative",NA,NA,NA,NA,"positive","negative",NA,NA,NA,NA,4,NA,NA,NA,NA,2018-09-21,NA,2
"ICK177",NA,"Batch 3",NA,"KS10",NA,NA,"Bay 6",NA,1,1,"Tanzania collection mission",2017-11-01,"Naliendele field genebank field genebank",NA,NA,2019-01-24,"negative","negative",NA,NA,NA,NA,"positive","negative",NA,NA,"2019-09-11",NA,7,NA,NA,NA,NA,2018-09-21,NA,4
"ICK178",NA,"Batch 3",NA,"KS12",NA,NA,"Bay 6","infected",1,2,"Tanzania collection mission",2017-11-01,"Naliendele field genebank field genebank","negative","positive",NA,"positive","negative",NA,NA,NA,NA,"positive","positive",NA,NA,NA,"2019-05-01",9,NA,NA,NA,NA,2018-09-21,NA,4
"ICK179",NA,"Batch 3",NA,"KS14",NA,NA,"LOST","infected",0,0,"Tanzania collection mission",2017-11-01,"Naliendele field genebank field genebank","negative","positive",NA,"negative","negative",NA,NA,NA,NA,"negative","positive",NA,NA,NA,NA,5,NA,NA,NA,NA,2019-09-24,NA,5
"ICK180",NA,"Batch 1",NA,"KS16",NA,NA,"Bay 3","virus free",1,1,"Tanzania collection mission",2017-11-01,"Naliendele field genebank field genebank","negative","negative",2019-02-19,"negative","negative",NA,NA,NA,NA,"negative","negative",NA,NA,NA,NA,NA,NA,NA,NA,NA,2018-09-01,NA,NA
"ICK181",NA,"LOST",NA,"KS20",NA,NA,"LOST",NA,0,0,"Tanzania collection mission",2017-12-21,NA,NA,NA,NA,NA,NA,NA,NA,NA,NA,NA,NA,NA,NA,NA,NA,NA,NA,NA,NA,NA,2019-09-24,NA,NA
"ICK182",NA,"Batch 3",NA,"KS21",NA,NA,"Bay 6","virus free",1,3,"Tanzania collection mission",2017-11-01,"Naliendele field genebank field genebank","negative","negative",NA,"positive","negative",NA,NA,NA,NA,"negative","negative",NA,NA,NA,NA,5,NA,NA,NA,NA,2018-09-21,NA,5
"ICK183",NA,"LOST",NA,"KS24",NA,NA,"LOST",NA,0,0,"Tanzania collection mission",2017-12-21,NA,NA,NA,NA,NA,NA,NA,NA,NA,NA,NA,NA,NA,NA,NA,NA,NA,NA,NA,NA,NA,2019-09-24,NA,NA
"ICK184",NA,"Batch 3",NA,"KS27",NA,NA,"Bay 6","virus free",1,4,"Tanzania collection mission",2017-12-21,NA,"negative","negative",NA,"positive","negative",NA,NA,NA,NA,"negative","negative",NA,NA,NA,NA,2,NA,NA,NA,NA,2018-09-21,NA,2
"ICK185",NA,"Batch 3",NA,"KS32",NA,NA,"Bay 6",NA,1,1,"Tanzania collection mission",2017-12-21,NA,NA,NA,2019-01-24,"positive","negative",NA,NA,NA,NA,"positive","negative",NA,NA,NA,NA,10,NA,NA,NA,NA,2018-09-21,NA,10
"ICK186",NA,"Batch 3",NA,"KS33",NA,NA,"Bay 6",NA,1,4,"Tanzania collection mission",2017-12-21,NA,NA,NA,NA,NA,NA,NA,NA,NA,NA,NA,NA,NA,NA,NA,NA,6,NA,NA,NA,NA,2018-09-21,NA,6
"ICK187",NA,"Batch 3",NA,"KS36",NA,NA,"LOST",NA,0,0,"Tanzania collection mission",2017-12-21,NA,NA,NA,NA,"positive","negative",NA,NA,NA,NA,"positive","negative",NA,NA,NA,NA,NA,3,NA,NA,NA,2019-09-24,NA,1
"ICK188",NA,"Batch 3",NA,"KS37",NA,NA,"LOST",NA,0,0,"Tanzania collection mission",2017-12-21,NA,NA,NA,NA,NA,NA,NA,NA,NA,NA,NA,NA,NA,NA,NA,NA,0,NA,NA,NA,NA,2019-09-24,NA,0
"ICK189",NA,"Batch 3",NA,"KS39",NA,NA,"Bay 6",NA,1,1,"Tanzania collection mission",2017-12-21,NA,NA,NA,NA,"positive","negative",NA,NA,NA,NA,"positive","negative",NA,NA,NA,NA,4,NA,NA,NA,NA,2018-09-21,NA,4
"ICK190",NA,"Batch 3",NA,"KS40",NA,NA,"Bay 6","virus free",1,1,NA,NA,NA,"negative","negative",2019-01-24,"negative","negative",NA,NA,NA,NA,"positive","negative",NA,NA,NA,NA,1,1,NA,NA,NA,2018-09-21,NA,2
"ICK191",NA,"LOST",NA,"KS41",NA,NA,"LOST",NA,0,0,"Tanzania collection mission",2017-12-21,NA,NA,NA,NA,NA,NA,NA,NA,NA,NA,NA,NA,NA,NA,NA,NA,NA,NA,NA,NA,NA,2019-09-24,NA,NA
"ICK192",NA,"LOST",NA,"KS44",NA,NA,"LOST","virus free",0,0,"Tanzania collection mission",2017-12-21,NA,"negative","negative",NA,"negative","negative",NA,NA,NA,NA,"positive","negative",NA,NA,NA,NA,NA,NA,NA,NA,NA,2019-09-24,NA,NA
"ICK193",NA,"Batch 3",NA,"KS48",NA,NA,"Bay 6","virus free",1,3,"Tanzania collection mission",2017-11-01,"Naliendele field genebank field genebank","negative","negative",NA,"negative","negative",NA,NA,NA,NA,"positive","negative",NA,NA,NA,"2019-05-01",10,NA,NA,NA,NA,2018-09-21,NA,6
"ICK194",NA,"Batch 3",NA,"KS49",NA,NA,"Bay 3","virus free",1,1,"Tanzania collection mission",2017-12-21,NA,"negative","negative",2019-02-19,"Inconclusive","negative",NA,NA,NA,NA,"negative","negative",NA,NA,NA,NA,NA,NA,NA,NA,NA,2018-09-01,NA,0
"ICK195",NA,"Batch 1",NA,"KS51",NA,NA,"Bay 3","virus free",1,3,"Tanzania collection mission",2017-12-21,NA,"negative","negative",2019-02-19,"negative","negative",NA,NA,NA,NA,"negative","negative",NA,NA,NA,NA,NA,NA,NA,NA,NA,2018-09-01,NA,NA
"ICK196",NA,"Batch 3",NA,"KS52",NA,NA,"Bay 6","virus free",1,2,"Tanzania collection mission",2017-12-21,NA,"negative","negative",NA,"positive","negative",NA,NA,NA,NA,"negative","Inconclusive",NA,NA,NA,NA,NA,2,NA,NA,NA,2018-09-21,NA,2
"ICK197",NA,"Batch 3",NA,"KS53",NA,NA,"Bay 6",NA,1,2,"Tanzania collection mission",2017-12-21,NA,NA,NA,NA,"positive","negative",NA,NA,NA,NA,"negative","negative",NA,NA,"2019-09-11","2019-05-01",9,2,NA,NA,NA,2018-09-21,NA,4
"ICK198",NA,"LOST",NA,"KS54",NA,NA,"LOST",NA,0,0,"Tanzania collection mission",2017-12-21,NA,NA,NA,NA,NA,NA,NA,NA,NA,NA,NA,NA,NA,NA,NA,NA,NA,NA,NA,NA,NA,2019-09-24,NA,NA
"ICK199",NA,"LOST",NA,"KS55",NA,NA,"LOST","virus free",0,0,"Tanzania collection mission",2017-12-21,NA,"negative","negative",2019-01-24,"negative","negative",NA,NA,NA,NA,"positive","negative",NA,NA,NA,"2019-05-01",NA,NA,NA,NA,NA,2019-09-24,NA,NA
"ICK200",NA,"Batch 3",NA,"KS57",NA,NA,"Bay 6","virus free",1,4,"Tanzania collection mission",2017-11-01,"Naliendele field genebank field genebank","negative","negative",NA,"positive","negative",NA,NA,NA,NA,"negative","Inconclusive",NA,NA,NA,"2019-09-11",NA,NA,NA,NA,NA,2018-09-21,NA,0
"ICK201",NA,"Batch 3",NA,"KS59",NA,NA,"Bay 6",NA,1,1,"Tanzania collection mission",2017-12-21,NA,NA,NA,NA,"positive","negative",NA,NA,NA,NA,"positive","negative",NA,NA,NA,"2019-05-01",4,NA,NA,NA,NA,2018-09-21,NA,1
"ICK202",NA,"Batch 3",NA,"KS60",NA,NA,"Bay 6",NA,1,1,"Tanzania collection mission",2017-12-21,NA,NA,NA,NA,"positive","negative",NA,NA,NA,NA,"positive","negative",NA,NA,NA,"2019-05-01",1,NA,NA,NA,NA,2018-09-21,NA,1
"ICK203",NA,"Batch 3",NA,"KS63",NA,NA,"LOST",NA,0,0,"Tanzania collection mission",2017-12-21,NA,NA,NA,NA,"positive","negative",NA,NA,NA,NA,"positive","negative",NA,NA,NA,NA,6,NA,NA,NA,NA,2019-09-24,NA,2
"ICK204",NA,"Batch 3",NA,"KS64",NA,NA,"Bay 6",NA,1,1,"Tanzania collection mission",2017-12-21,NA,NA,NA,NA,"positive","negative",NA,NA,NA,NA,"negative","negative",NA,NA,NA,"2019-05-01",4,NA,NA,NA,NA,2018-09-21,NA,4
"ICK205",NA,"LOST",NA,"KS67",NA,NA,"LOST",NA,0,0,"Tanzania collection mission",2017-11-01,"Naliendele field genebank field genebank",NA,NA,NA,NA,NA,NA,NA,NA,NA,NA,NA,NA,NA,NA,NA,NA,NA,NA,NA,NA,2019-09-24,NA,NA
"ICK206",NA,"Batch 3",NA,"KS68",NA,NA,"Bay 6",NA,10,0,"Tanzania collection mission",2017-12-21,NA,NA,NA,NA,"positive","negative",NA,NA,NA,NA,"negative","negative",NA,NA,NA,"2019-09-11",5,4,NA,NA,NA,2018-09-21,NA,3
"ICK207",NA,"LOST",NA,"KS70",NA,NA,"LOST",NA,0,0,"Tanzania collection mission",2017-11-01,"Naliendele field genebank field genebank",NA,NA,NA,NA,NA,NA,NA,NA,NA,NA,NA,NA,NA,NA,NA,NA,NA,NA,NA,NA,2019-09-24,NA,NA
"ICK208","Priority genotype","Batch 1",NA,"Limbanga","FAK003",NA,"Bay 7","virus free",1,2,"Naliendele",2016-06-01,"Naliendele field genebank","negative","negative",2018-12-03,"negative","negative",NA,NA,NA,2018-12-03,"negative","negative",NA,NA,NA,NA,NA,NA,"2",NA,NA,2018-09-01,NA,1
"ICK209","Priority genotype","LOST",NA,"Lwakitangaza","Lwakitangaza (KEPHIS)",NA,"LOST",NA,0,0,"Lake Zone",2016-07-19,"Lake Zone",NA,NA,NA,NA,NA,NA,NA,NA,NA,NA,NA,NA,NA,NA,NA,NA,NA,NA,NA,NA,2019-09-24,NA,NA
"ICK210","Priority genotype","Batch 2",NA,"Lyongo_Kwimba","Lyongo Kwimba (KEPHIS)",NA,"Bay 7","infected",1,1,"Lake Zone",2016-07-19,"Lake Zone","positive","negative",NA,"positive","negative",NA,NA,NA,2018-12-03,"positive","negative",NA,NA,NA,NA,NA,3,NA,NA,NA,2018-09-01,NA,2
"ICK211","Priority genotype","Batch 2",NA,"Makutupora","Makutupora (KEPHIS)",NA,"LOST",NA,0,0,"Lake Zone",2016-07-19,"Lake Zone",NA,NA,NA,"negative","negative",NA,NA,NA,2018-12-03,"positive","negative",NA,NA,NA,NA,NA,6,NA,NA,NA,2019-09-24,NA,3
"ICK212","Priority genotype","Batch 2",NA,"Mfaransa_1","Mfaransa (KEPHIS)",NA,"LOST","infected",0,0,"Chambezi",2016-10-01,NA,"positive","negative",NA,"positive","negative",NA,NA,NA,NA,NA,NA,NA,NA,NA,NA,NA,NA,NA,NA,NA,2019-09-24,NA,NA
"ICK213","Priority genotype","Breeding line","CASS Project","MH04/0016",NA,NA,"","infected",1,2,"IITA-Uganda",2018-02-14,NA,"negative","positive",NA,NA,NA,NA,NA,NA,NA,NA,NA,NA,NA,NA,NA,NA,NA,NA,NA,NA,NA,NA,1
"ICK214",NA,"Breeding line",NA,"MH04/2219",NA,NA,"Bay 4","infected",1,3,"IITA-Uganda",2018-02-14,NA,"positive","positive",2019-02-19,"negative","negative",NA,NA,NA,2019-08-27,"positive","positive",NA,NA,NA,"2019-09-11",NA,NA,NA,NA,NA,2018-09-01,NA,0
"ICK215","Priority genotype","Breeding line","CASS Project","MH05/0091","MH 05/0091 Yellow",NA,"Bay 4","infected",1,1,"IITA-Uganda",2018-02-14,NA,"negative","positive",2019-01-24,"negative","negative",2019-02-19,"negative","negative",2019-08-27,"positive","Inconclusive",NA,NA,NA,"2019-05-01",NA,NA,NA,NA,NA,2018-09-01,NA,0
"ICK216","Priority genotype","Rwanda and Burundi","Rwanda","MH95/0414/1",NA,"Shipment pending","Bay 1","virus free",1,2,"Rwanda",2018-06-27,"RAB  Rubona station","negative","negative",2018-10-26,"negative","negative",NA,NA,NA,NA,"negative","negative",NA,NA,NA,NA,7,NA,NA,NA,NA,2018-09-01,NA,7
"ICK217","Priority genotype","Rwanda and Burundi","Rwanda","MH97/0105",NA,"Shipped 16th July","Bay 1","virus free",1,3,"Rwanda",2018-06-27,"RAB  Rubona station","negative","negative",2019-01-24,"negative","negative",NA,NA,NA,2018-12-03,"negative","negative",NA,NA,NA,NA,NA,NA,NA,NA,8,2018-09-01,NA,NA
"ICK218","Priority genotype","Rwanda and Burundi","Burundi","MH98/0105",NA,NA,"Bay 1","infected",2,2,"Burundi",2018-06-27,NA,"negative","positive",2018-10-26,"positive","negative",NA,NA,NA,NA,"negative","negative",NA,NA,NA,"2019-05-01",8,NA,NA,NA,NA,2018-09-01,NA,4
"ICK219","Not priority","5 CP clone",NA,"Mkombozi",NA,NA,"",NA,NA,NA,NA,NA,NA,NA,NA,NA,NA,NA,NA,NA,NA,NA,NA,NA,NA,NA,NA,NA,NA,NA,NA,0,0,NA,NA,NA
"ICK220","Priority genotype","5 CP clone",NA,"Mkumba",NA,NA,"",NA,0,0,NA,NA,NA,NA,NA,NA,NA,NA,NA,NA,NA,NA,NA,NA,NA,NA,NA,NA,NA,NA,NA,1,31,NA,NA,NA
"ICK221",NA,"LOST",NA,"Mkumba_2","Mkumba (KEPHIS)",NA,"LOST",NA,0,0,"Chambezi",2016-10-01,NA,NA,NA,NA,NA,NA,NA,NA,NA,NA,NA,NA,NA,NA,NA,NA,NA,NA,NA,NA,NA,2019-09-24,NA,NA
"ICK222","Priority genotype","Breeding line","CASS Project","MM01/1457",NA,NA,"Bay 4","infected",1,2,"IITA-Uganda",2018-02-14,NA,"negative","positive",2019-02-19,"negative","negative",NA,NA,NA,2019-08-27,"positive","negative",NA,NA,NA,NA,NA,NA,NA,NA,NA,2018-09-01,NA,8
"ICK223","Priority genotype","Breeding line",NA,"MM06/0083",NA,NA,"Missing","infected",2,4,"KEPHIS  (5CP)",2018-06-27,"RAB  Rubona station","Inconclusive","Inconclusive",2018-10-26,"negative","negative",NA,NA,NA,NA,"negative","negative",NA,NA,NA,NA,NA,NA,NA,NA,NA,NA,NA,999
"ICK224",NA,"Breeding line",NA,"MM06/0123",NA,NA,"",NA,1,4,NA,NA,NA,NA,NA,NA,NA,NA,NA,NA,NA,NA,"negative","negative","Reintroduced Feb 2019",NA,NA,NA,NA,NA,NA,NA,NA,NA,NA,0
"ICK225",NA,"Breeding line",NA,"MM06/0130",NA,NA,"",NA,1,3,NA,NA,NA,NA,NA,NA,NA,NA,NA,NA,NA,NA,"Negative (271 Positive)","negative","Reintroduced Feb 2019",NA,NA,NA,NA,NA,NA,NA,NA,NA,NA,0
"ICK226",NA,"Breeding line",NA,"MM07/0529",NA,NA,"Bay 4","infected",1,4,"IITA-Uganda",2018-02-14,NA,"negative","positive",2019-02-19,"positive","negative",NA,NA,NA,2019-08-27,"positive","negative",NA,NA,NA,"2019-09-11",NA,NA,NA,NA,NA,2018-09-01,NA,0
"ICK227","Priority genotype","Breeding line","CASS Project","MM08/0370","MM 08/0370 Yellow",NA,"Bay 4","infected",1,1,"IITA-Uganda",2018-02-14,NA,"negative","positive",2019-02-19,"negative","negative",NA,NA,NA,2019-08-27,"positive","negative",NA,NA,NA,NA,NA,NA,NA,NA,NA,2018-09-01,NA,0
"ICK228","Priority genotype","Breeding line","CASS Project","MM08/0828",NA,NA,"Bay 4","infected",1,3,"IITA-Uganda",2018-02-14,NA,"positive","negative",2019-02-19,"negative","negative",NA,NA,NA,2019-08-27,"positive","negative",NA,NA,NA,"2019-09-11",NA,NA,NA,NA,NA,2018-09-01,NA,3
"ICK229","Priority genotype","Breeding line","CASS Project","MM13/0024",NA,NA,"Bay 4","virus free",1,3,"IITA-Uganda",2018-02-14,NA,"negative","negative",2019-02-19,"negative","negative",NA,NA,NA,2019-08-27,"negative","negative",NA,NA,NA,NA,NA,NA,NA,NA,NA,2018-09-01,NA,999
"ICK230","Priority genotype","Breeding line",NA,"MM13/0116",NA,NA,"LOST",NA,0,0,NA,NA,NA,NA,NA,NA,NA,NA,NA,NA,NA,NA,NA,NA,NA,NA,NA,"2019-05-01",NA,NA,NA,NA,NA,2019-09-24,NA,1
"ICK231",NA,"Breeding line",NA,"MM13/0126",NA,NA,"Bay 4",NA,1,3,"IITA-Uganda",2018-02-14,NA,NA,"positive",2019-01-24,"negative","negative",2019-02-19,"negative","negative",2019-08-27,"positive","negative",NA,NA,NA,"2019-05-01",NA,NA,NA,NA,NA,2018-09-01,NA,4
"ICK232","Priority genotype","Breeding line","CASS Project","MM13/0310",NA,NA,"Bay 4","infected",1,3,"IITA-Uganda",2018-02-14,NA,"negative","positive",2019-02-19,"negative","negative",NA,NA,NA,2019-08-27,"positive","negative",NA,NA,"2019-09-11","2019-05-01",NA,NA,NA,NA,NA,2018-09-01,NA,6
"ICK233",NA,"Breeding line",NA,"MM13/0358",NA,NA,"Bay 4",NA,1,1,"IITA-Uganda",2018-02-14,NA,"positive",NA,2019-02-19,"negative","negative",NA,NA,NA,2019-08-27,"positive","negative",NA,NA,NA,"2019-05-01",NA,NA,NA,NA,NA,2018-09-01,NA,3
"ICK234",NA,"Breeding line",NA,"MM15/0157",NA,NA,"Bay 4","infected",1,4,NA,NA,NA,"positive","possible",2019-02-19,"negative","negative",NA,NA,NA,2019-08-27,"negative","negative",NA,NA,NA,"2019-05-01",NA,NA,NA,NA,NA,2018-09-01,NA,5
"ICK235","Priority genotype","Breeding line","CASS Project","MM16/0371",NA,NA,"","infected",1,3,"IITA-Uganda",2018-02-14,NA,NA,"Die back",NA,"negative","negative",NA,NA,NA,NA,"negative","negative","Reintroduced Feb 2019",NA,NA,"2019-05-01",NA,NA,NA,NA,NA,NA,NA,8
"ICK236","Priority genotype","Breeding line",NA,"MM16/0644",NA,NA,"",NA,1,3,NA,NA,NA,NA,NA,NA,"positive","negative",NA,NA,NA,NA,"negative","negative","Reintroduced Feb 2019",NA,NA,NA,NA,NA,NA,NA,NA,NA,NA,4
"ICK237","Priority genotype","Breeding line","CASS Project","MM16/0646",NA,NA,"Bay 4","virus free",1,3,"IITA-Uganda",2018-02-14,NA,"negative","negative",2019-02-19,"negative","negative",NA,NA,NA,2019-08-27,"negative","negative",NA,NA,NA,"2019-09-11",NA,NA,NA,NA,NA,2018-09-01,NA,3
"ICK238","Priority genotype","Breeding line","CASS Project","MM16/1066",NA,NA,"Bay 4","infected",1,2,"IITA-Uganda",2018-02-14,NA,NA,"possible",2019-02-19,"negative","negative",NA,NA,NA,2019-08-27,"positive","negative",NA,NA,NA,"2019-05-01",NA,NA,NA,NA,NA,2018-09-01,NA,9
"ICK239",NA,"Breeding line",NA,"MM16/1193",NA,NA,"Bay 4","infected",1,3,"IITA-Uganda",2018-02-14,NA,"positive","positive",2019-02-19,"positive","positive",NA,NA,NA,2019-08-27,"positive","negative",NA,NA,NA,"2019-05-01",NA,NA,NA,NA,NA,2018-09-01,NA,12
"ICK240",NA,"Breeding line",NA,"MM16/1268",NA,NA,"Bay 4","virus free",1,3,"IITA-Uganda",2018-02-14,NA,"negative","negative",2019-02-19,"negative","negative",NA,NA,NA,2019-08-27,"positive","negative",NA,NA,NA,"2019-05-01",NA,NA,NA,NA,NA,2018-09-01,NA,6
"ICK241",NA,"Breeding line",NA,"MM16/1487",NA,NA,"",NA,1,3,NA,NA,NA,NA,NA,NA,"positive","negative",NA,NA,NA,NA,"negative","negative","Reintroduced Feb 2019",NA,NA,NA,NA,NA,NA,NA,NA,NA,NA,4
"ICK242","Priority genotype","Breeding line","CASS Project","MM16/1516",NA,NA,"Bay 4","infected",1,1,"IITA-Uganda",2018-02-14,NA,"positive","positive",2019-01-24,"negative","negative",2019-02-19,"negative","negative",2019-08-27,"positive","negative",NA,NA,NA,"2019-09-11",NA,NA,NA,NA,NA,2018-09-01,NA,7
"ICK243","Priority genotype","Breeding line","CASS Project","MM16/1556",NA,NA,"LOST",NA,0,0,NA,NA,NA,NA,NA,2019-02-19,"negative","negative",NA,NA,NA,2019-08-27,"negative","negative",NA,NA,NA,"2019-09-11",NA,NA,NA,NA,NA,2019-09-24,NA,5
"ICK244","Priority genotype","Breeding line","CASS Project","MM2006/0123",NA,NA,"Bay 4","infected",1,3,"IITA-Uganda",2018-02-14,NA,"negative","positive",2019-01-24,"negative","negative",2019-02-19,"negative","negative",2019-08-27,"negative","negative","We also got this from Silver",NA,"2019-09-11","2019-05-01",NA,NA,NA,NA,NA,2018-09-01,NA,10
"ICK245","Priority genotype","Breeding line","CASS Project","MM2006/0128",NA,NA,"Bay 4","infected",1,1,NA,NA,NA,"negative","positive",2018-10-26,"negative","negative",2019-02-19,"Postive","negative",2019-08-27,"positive","negative","We also got this from Silver",NA,NA,"2019-05-01",NA,NA,NA,NA,NA,2018-09-01,NA,6
"ICK246","Priority genotype","Breeding line",NA,"MM2006/0130",NA,NA,"LOST","infected",0,0,"IITA-Uganda",2018-02-14,NA,"negative","positive",NA,NA,NA,NA,NA,NA,2018-12-03,"negative","negative","NARO-CASS2",NA,NA,NA,NA,NA,NA,NA,NA,2019-09-24,NA,5
"ICK247","Priority genotype","Unknown",NA,"MM96/0287",NA,NA,"Bay 1","virus free",2,3,NA,NA,NA,"negative","negative",2018-10-26,"positive","negative",NA,NA,NA,NA,"negative","negative","No label",NA,NA,NA,NA,NA,NA,NA,NA,2018-09-01,NA,NA
"ICK248","Priority genotype","Rwanda and Burundi","Rwanda","MM96/0669",NA,"Shipped 16th July","Bay 1","virus free",1,3,"Rwanda",2018-06-27,"RAB  Rubona station","negative","negative",2019-01-24,"negative","negative",NA,NA,NA,2018-12-03,"negative","negative",NA,NA,NA,NA,4,NA,NA,NA,NA,2018-09-01,NA,4
"ICK249","Priority genotype","Rwanda and Burundi","Burundi","MM96/0735",NA,NA,"Bay 1","virus free",1,2,"Burundi",2018-06-27,NA,"negative","negative",2018-10-26,"negative","negative",NA,NA,NA,NA,"negative","negative","No label",NA,NA,NA,NA,NA,NA,2,8,2018-09-01,NA,NA
"ICK250","Priority genotype","Rwanda and Burundi","Rwanda","MM96/2134",NA,"Shipment pending","Bay 1","virus free",1,3,"Rwanda",2018-06-27,"RAB  Rubona station","negative","negative",2019-01-24,"negative","negative",NA,NA,NA,2018-12-03,"negative","negative",NA,NA,NA,NA,NA,NA,NA,2,8,2018-09-01,NA,NA
"ICK251",NA,"Unknown",NA,"MM96/3920",NA,NA,"",NA,1,2,"Unknown",NA,"Unknown",NA,NA,NA,NA,NA,NA,NA,NA,NA,NA,NA,NA,NA,NA,NA,NA,NA,NA,NA,NA,NA,NA,NA
"ICK253","Priority genotype","Rwanda and Burundi","Burundi","MM96/7204",NA,NA,"LOST",NA,0,0,"Burundi",2018-06-27,NA,NA,NA,NA,NA,NA,NA,NA,NA,NA,NA,NA,NA,NA,NA,NA,NA,NA,NA,0,0,2019-09-24,NA,NA
"ICK254","Priority genotype","Rwanda and Burundi","Rwanda","MM98/3567",NA,"Shipped 16th July","Bay 1","virus free",1,2,"Rwanda",2018-06-27,"RAB  Rubona station","negative","negative",2019-01-24,"negative","negative",NA,NA,NA,2018-12-03,"negative","negative",NA,NA,NA,NA,NA,NA,NA,2,5,2018-09-01,NA,NA
"ICK255","Priority genotype","Batch 2",NA,"Mreteta","FAK006",NA,"","infected",1,1,"Naliendele",2016-06-01,"Naliendele field genebank","positive","negative",NA,"positive","negative",NA,NA,NA,NA,NA,NA,NA,NA,NA,NA,NA,NA,NA,NA,8,NA,NA,NA
"ICK256","Priority genotype","Rwanda and Burundi","Burundi","MS01/1371/14",NA,NA,"Bay 1","infected",2,2,"Burundi",2018-06-27,NA,"negative","positive",2019-01-24,"negative","negative",NA,NA,NA,2018-12-03,"positive","negative",NA,NA,NA,"2019-03-01",1,NA,NA,NA,NA,2018-09-01,NA,1
"ICK257","Priority genotype","Rwanda and Burundi","Burundi","MS09/KB 04",NA,NA,"LOST",NA,0,0,"Burundi",2018-06-27,NA,NA,NA,NA,NA,NA,NA,NA,NA,NA,NA,NA,NA,NA,NA,NA,NA,NA,NA,0,0,2019-09-24,NA,NA
"ICK258","Priority genotype","Rwanda and Burundi","Burundi","MS2006/009/OP177",NA,NA,"Bay 1","infected",2,3,"Burundi",2018-06-27,NA,"negative","positive",2018-10-26,"positive","negative",NA,NA,NA,NA,"negative","negative",NA,NA,NA,"2019-09-11",7,NA,NA,NA,NA,2018-09-01,NA,5
"ICK259","Priority genotype","Rwanda and Burundi","Burundi","MS2006/0090/OP163",NA,NA,"LOST",NA,0,0,"Burundi",2018-06-27,NA,NA,NA,NA,NA,NA,NA,NA,NA,NA,NA,NA,NA,NA,NA,NA,NA,NA,NA,0,0,2019-09-24,NA,NA
"ICK260","Priority genotype","Rwanda and Burundi","Burundi","MS2006/0090/OP174",NA,NA,"Bay 1","infected",2,4,"Burundi",2018-06-27,NA,"Inconclusive","Inconclusive",2019-01-24,"negative","negative",NA,NA,NA,2018-12-03,"positive","negative",NA,NA,NA,NA,7,NA,NA,NA,NA,2018-09-01,NA,3
"ICK261","Priority genotype","Rwanda and Burundi","Burundi","MS2006/0090/OP250",NA,NA,"Bay 1","infected",1,1,"Burundi",2018-06-27,NA,"negative","positive",2019-01-24,"negative","negative",NA,NA,NA,2018-12-03,"positive","negative",NA,NA,NA,"2019-03-01",10,NA,NA,NA,NA,2018-09-01,NA,8
"ICK262","Priority genotype","Rwanda and Burundi","Burundi","MS2006/0123/OP342",NA,NA,"Bay 1","infected",1,2,"Burundi",2018-06-27,NA,"negative","positive",2019-01-24,"negative","negative",NA,NA,NA,2018-12-03,"positive","negative","We also got this from Kanju",NA,NA,NA,1,NA,NA,NA,NA,2018-09-01,NA,1
"ICK263","Priority genotype","Rwanda and Burundi","Burundi","MS2006/0128/OP262",NA,NA,"Bay 1","infected",1,3,"Burundi",2018-06-27,NA,"negative","positive",2018-10-26,"positive","negative",NA,NA,NA,NA,NA,NA,"We also got this from Kanju",NA,NA,"2019-05-01",10,NA,NA,NA,NA,2018-09-01,NA,10
"ICK264","Priority genotype","Batch 2",NA,"Msitu_Zanzibar",NA,NA,"Bay 7","virus free",1,2,"Lake Zone",2016-07-19,"Lake Zone","negative","negative",NA,"negative","positive",NA,NA,NA,2018-12-03,"negative","negative",NA,NA,NA,"2019-05-01",7,NA,NA,NA,4,2018-09-01,NA,4
"ICK265","Priority genotype","Batch 2",NA,"Mumba",NA,NA,"Bay 7","virus free",1,1,NA,NA,NA,"negative","negative",NA,"negative","positive",NA,NA,NA,2018-12-03,"negative","negative",NA,2019-03-19,NA,NA,3,2,NA,NA,12,2018-09-01,NA,5
"ICK266","Priority genotype","Rwanda and Burundi","Burundi","Muzinda",NA,NA,"Bay 1","infected",2,4,"Burundi",2018-06-27,NA,"positive","possible",2018-10-26,"positive","negative",NA,NA,NA,NA,"negative","negative",NA,NA,NA,"2019-03-01",NA,2,NA,NA,NA,2018-09-01,NA,2
"ICK267","Priority genotype","Rwanda and Burundi","Burundi","Mwarabu",NA,NA,"Bay 1","virus free",1,3,"Burundi",2018-06-27,NA,"negative","negative",2019-01-24,"negative","negative",NA,NA,NA,2018-12-03,"positive","negative",NA,NA,NA,"2019-05-01",5,1,NA,NA,NA,2018-09-01,NA,4
"ICK268",NA,"Batch 1",NA,"Nachinyaya",NA,NA,"",NA,NA,NA,"Tanzania Teddy",NA,"Maruthi",NA,NA,NA,NA,NA,NA,NA,NA,NA,NA,NA,NA,NA,NA,NA,NA,NA,NA,NA,NA,NA,NA,NA
"ICK269",NA,"LOST",NA,"Naliendele",NA,NA,"LOST",NA,0,0,"Chambezi",2016-10-01,NA,NA,NA,NA,"negative","positive",NA,NA,NA,NA,NA,NA,NA,NA,NA,NA,NA,NA,NA,NA,NA,2019-09-24,NA,NA
"ICK270",NA,"Batch 2",NA,"Namikonga","KAA3 Ana No 207",NA,"Bay 4","infected",1,3,NA,2018-01-01,NA,"negative","Inconclusive",NA,NA,NA,NA,NA,NA,NA,NA,NA,NA,NA,NA,NA,1,NA,NA,NA,6,2018-09-01,NA,1
"ICK271","Not priority","5 CP clone",NA,"NASE 14",NA,NA,"",NA,NA,NA,NA,NA,NA,NA,NA,NA,NA,NA,NA,NA,NA,NA,NA,NA,NA,NA,NA,NA,NA,NA,NA,4,0,NA,NA,999
"ICK272","Priority genotype","Rwanda and Burundi","Rwanda","Ndamirabana/7",NA,"Shipment pending","Bay 1","virus free",1,3,"Rwanda",2018-06-27,"RAB  Rubona station","negative","negative",2019-01-24,"negative","negative",NA,NA,NA,2018-12-03,"negative","negative",NA,NA,NA,NA,NA,NA,NA,2,NA,2018-09-01,NA,NA
"ICK273","Priority genotype","Breeding line",NA,"NDL2003/031","FAK002",NA,"Bay 4","virus free",1,2,"Chambezi",2016-10-01,NA,"negative","negative",2019-02-19,"negative","positive",NA,NA,NA,2019-08-27,"negative","negative","Inconsistent",NA,NA,"2019-05-01",NA,NA,NA,NA,NA,2019-01-29,NA,9
"ICK274","Priority genotype","Breeding line",NA,"NDL2003/111","FAK004",NA,"Bay 4","virus free",1,4,"Chambezi",2018-02-27,NA,"negative","negative",NA,NA,NA,NA,NA,NA,2018-12-03,"negative","negative",NA,NA,NA,NA,NA,NA,NA,NA,NA,2018-09-01,NA,13
"ICK275","Priority genotype","Breeding line",NA,"NDL2003/111_1","FAK004",NA,"LOST","infected",0,0,"Naliendele",2016-06-01,"Naliendele field genebank","negative","positive",2019-02-19,"positive","negative",NA,NA,NA,2019-08-27,"negative","negative","More than one source, Inconsistent",NA,NA,NA,NA,NA,NA,NA,NA,2019-09-24,NA,NA
"ICK276",NA,"LOST",NA,"NDL2005/1471",NA,NA,"LOST",NA,0,0,NA,NA,NA,NA,NA,NA,"negative","negative",NA,NA,NA,NA,NA,NA,NA,NA,NA,NA,NA,NA,NA,NA,NA,2019-09-24,NA,NA
"ICK277",NA,"Breeding line",NA,"NDL2005/1472",NA,NA,"LOST","infected",0,0,NA,NA,NA,"negative","positive",NA,"negative","positive",NA,NA,NA,NA,NA,NA,"Inconsistent",NA,NA,NA,NA,NA,NA,NA,NA,2019-09-24,NA,NA
"ICK278","Priority genotype","Rwanda and Burundi","Burundi","Ndoha",NA,"Shipped 25th July 2019","Bay 1","virus free",2,3,"Burundi",2018-06-27,NA,"negative","negative",2019-01-24,"negative","negative",NA,NA,NA,2018-12-03,"negative","negative",NA,NA,NA,NA,NA,NA,NA,2,NA,2018-09-01,NA,NA
"ICK279",NA,"5 CP clone",NA,"Okhumelela",NA,NA,"",NA,NA,NA,NA,NA,NA,NA,NA,NA,NA,NA,NA,NA,NA,NA,NA,NA,NA,NA,NA,NA,NA,NA,NA,0,0,NA,NA,NA
"ICK280","Priority genotype","5 CP clone",NA,"Orera",NA,NA,"",NA,NA,NA,NA,NA,NA,NA,NA,NA,NA,NA,NA,NA,NA,NA,NA,NA,NA,NA,NA,NA,NA,NA,NA,0,1,NA,NA,NA
"ICK281","Priority genotype","Rwanda and Burundi","Rwanda","PDB/11",NA,"Shipment pending","Bay 1","virus free",1,3,"Rwanda",2018-06-27,"RAB  Rubona station","negative","negative",2018-10-26,"positive","positive",NA,NA,NA,NA,"negative","negative",NA,NA,NA,"2019-05-01",7,NA,NA,NA,NA,2018-09-01,NA,7
"ICK282","Priority genotype","5 CP clone",NA,"Pwani",NA,NA,"LOST",NA,0,0,NA,NA,NA,NA,NA,NA,"positive","negative",NA,NA,NA,NA,NA,NA,NA,NA,NA,NA,NA,NA,NA,4,0,2019-09-24,NA,NA
"ICK283","Priority genotype","Rwanda and Burundi","Burundi","Rukokora",NA,NA,"Bay 1","virus free",2,4,"Burundi",2018-06-27,NA,"negative","negative",2018-10-26,"positive","negative",NA,NA,NA,NA,"negative","negative","No label",NA,NA,NA,8,8,NA,NA,NA,2018-09-01,NA,7
"ICK284","Priority genotype","Rwanda and Burundi","Burundi","Rumarampunu",NA,NA,"Bay 1","virus free",2,5,"Burundi",2018-06-27,NA,"negative","negative",2018-10-26,"positive","negative",NA,NA,NA,NA,"negative","negative",NA,NA,NA,"2019-05-01",6,NA,NA,NA,NA,2018-09-01,NA,5
"ICK285","Priority genotype","Rwanda and Burundi","Burundi","Rushishwa","Pushishwa",NA,"Bay 1","infected",2,4,"Burundi",2018-06-27,NA,"positive","possible",2018-10-26,"negative","positive",NA,NA,NA,NA,"negative","negative",NA,NA,NA,NA,5,2,NA,NA,NA,2018-09-01,NA,5
"ICK286","Priority genotype","Batch 1",NA,"Salanga","FAK005",NA,"","virus free",1,2,"Naliendele",2016-06-01,"Naliendele field genebank","negative","negative",NA,"negative","negative",NA,NA,NA,2018-12-03,"negative","negative",NA,NA,NA,NA,NA,NA,NA,NA,3,NA,NA,NA
"ICK287","Not priority","5 CP clone",NA,"Sauti",NA,NA,"",NA,NA,NA,NA,NA,NA,NA,NA,NA,NA,NA,NA,NA,NA,NA,NA,NA,NA,NA,NA,NA,NA,NA,NA,0,0,NA,NA,NA
"ICK288","Priority genotype","Rwanda and Burundi","Burundi","Serereka",NA,NA,"Bay 1","infected",2,2,"Burundi",2018-06-27,NA,"positive","negative",2018-10-26,"positive","negative",NA,NA,NA,NA,"negative","positive",NA,NA,NA,NA,5,NA,NA,NA,NA,2018-09-01,NA,5
"ICK289",NA,"Batch 2",NA,"SMS01",NA,NA,"Bay 5","virus free",1,3,"Tanzania collection mission",2017-09-28,"Naliendele field genebank field genebank","negative","negative",2019-06-18,"negative","negative",NA,NA,NA,2019-06-20,"negative","positive",NA,NA,NA,"2019-09-11",12,5,NA,NA,2,2018-09-21,NA,8
"ICK290",NA,"Batch 2",NA,"SMS02",NA,NA,"Bay 5","virus free",1,2,"Tanzania collection mission",2017-12-21,NA,"negative","negative",2019-06-18,"negative","negative",NA,NA,NA,2019-06-20,"positive","positive",NA,NA,NA,NA,NA,5,NA,NA,NA,2018-09-21,NA,2
"ICK291",NA,"LOST",NA,"SMS03",NA,NA,"LOST","virus free",0,0,"Tanzania collection mission",2017-09-28,NA,"negative","negative",NA,"Inconclusive","negative",NA,NA,NA,NA,"negative","negative",NA,NA,NA,NA,NA,NA,NA,NA,NA,2019-09-24,NA,NA
"ICK292",NA,"Batch 1",NA,"SMS05",NA,NA,"Bay 3","virus free",1,2,"Tanzania collection mission",2017-09-28,NA,"negative","negative",2019-02-19,"negative","negative",NA,NA,NA,NA,"negative","negative",NA,NA,NA,NA,NA,NA,NA,NA,NA,2018-09-01,NA,NA
"ICK293",NA,"Batch 2",NA,"SMS06",NA,NA,"Bay 5","infected",1,2,"Tanzania collection mission",2017-11-01,"Naliendele field genebank field genebank","positive","Possible",2019-06-18,"negative","negative",NA,NA,NA,2019-06-20,"positive","negative",NA,NA,NA,NA,5,NA,NA,NA,6,2018-09-21,NA,3
"ICK294",NA,"Batch 2",NA,"SMS07",NA,NA,"Bay 5","virus free",1,4,NA,NA,NA,"negative","negative",2019-06-18,"negative","negative",NA,NA,NA,2019-06-20,"negative","positive",NA,NA,NA,NA,6,1,NA,NA,NA,2018-09-21,NA,6
"ICK295",NA,"Batch 2",NA,"SMS08",NA,NA,"LOST","virus free",0,0,"Tanzania collection mission",2017-11-01,"Naliendele field genebank field genebank","negative","negative",2019-02-19,"positive","negative",NA,NA,NA,NA,"negative","negative",NA,NA,NA,NA,NA,NA,NA,NA,NA,2019-09-24,NA,0
"ICK296",NA,"LOST",NA,"SMS09",NA,NA,"Bay 5","infected",1,1,NA,NA,NA,"negative","positive",2019-01-24,"negative","negative",NA,NA,NA,NA,"positive","negative",NA,NA,NA,NA,NA,NA,NA,NA,NA,2018-09-21,NA,NA
"ICK297",NA,"Batch 1",NA,"SMS11",NA,NA,"Bay 3","infected",1,2,"Tanzania collection mission",2017-09-28,"Naliendele field genebank field genebank","negative","Possible",2019-02-19,"negative","negative",NA,NA,NA,NA,"negative","negative",NA,NA,NA,NA,NA,NA,NA,NA,NA,2018-09-01,NA,NA
"ICK298",NA,"Batch 2",NA,"SMS12",NA,NA,"Bay 5","virus free",1,3,"Tanzania collection mission",2017-09-28,NA,"negative","negative",2019-06-18,"negative","negative",NA,NA,NA,2019-06-20,"positive","negative",NA,NA,NA,"2019-09-11",9,NA,NA,NA,NA,2018-09-21,NA,6
"ICK299",NA,"Batch 1",NA,"SMS13",NA,NA,"Bay 3","virus free",1,1,"Tanzania collection mission",2017-11-01,"Naliendele field genebank field genebank","negative","negative",2019-02-19,"negative","negative",NA,NA,NA,NA,"negative","negative",NA,NA,NA,NA,NA,NA,NA,NA,NA,2018-09-01,NA,NA
"ICK300",NA,"Batch 1",NA,"SMS14",NA,NA,"Bay 6","virus free",1,4,"Tanzania collection mission",2017-11-01,"Naliendele field genebank field genebank","negative","negative",2019-06-18,"negative","negative",NA,NA,NA,2019-06-20,"negative","negative",NA,NA,NA,NA,NA,NA,NA,NA,NA,2018-09-01,NA,5
"ICK301",NA,"Batch 1",NA,"SMS15",NA,NA,"Bay 3","virus free",1,4,"Tanzania collection mission",2017-09-28,"Naliendele field genebank field genebank","negative","negative",2019-02-19,"negative","negative",NA,NA,NA,NA,"negative","negative",NA,NA,NA,NA,NA,NA,NA,NA,NA,2018-09-01,NA,NA
"ICK302",NA,"LOST",NA,"SMS17",NA,NA,"LOST",NA,0,0,"Tanzania collection mission",2017-09-28,NA,NA,NA,NA,NA,NA,NA,NA,NA,NA,NA,NA,NA,NA,NA,NA,NA,NA,NA,NA,NA,2019-09-24,NA,NA
"ICK303",NA,"LOST",NA,"SMS20",NA,NA,"LOST",NA,0,0,"Tanzania collection mission",2017-09-28,NA,NA,NA,NA,NA,NA,NA,NA,NA,NA,NA,NA,NA,NA,NA,NA,NA,NA,NA,NA,NA,2019-09-24,NA,NA
"ICK304",NA,"Batch 2",NA,"SMS23",NA,NA,"Bay 5","virus free",1,2,"Tanzania collection mission",2017-11-01,"Naliendele field genebank field genebank","negative","negative",NA,"negative","negative",NA,NA,NA,NA,"negative","Inconclusive",NA,NA,NA,NA,9,NA,NA,NA,NA,2018-09-21,NA,5
"ICK305",NA,"Batch 2",NA,"SMS24",NA,NA,"LOST","virus free",0,0,"Tanzania collection mission",2017-09-28,NA,"negative","negative",2019-01-24,"negative","negative",NA,NA,NA,NA,"positive","positive",NA,NA,NA,NA,NA,NA,NA,NA,4,2019-09-24,NA,NA
"ICK306",NA,"LOST",NA,"SMS25",NA,NA,"LOST",NA,0,0,"Tanzania collection mission",2017-09-28,NA,NA,NA,NA,NA,NA,NA,NA,NA,NA,"positive","negative",NA,NA,NA,NA,NA,NA,NA,NA,NA,2019-09-24,NA,NA
"ICK307",NA,"Batch 1",NA,"SMS28",NA,NA,"Bay 3","virus free",1,1,"Tanzania collection mission",2017-09-28,NA,"negative","negative",2019-02-19,"negative","negative",NA,NA,NA,NA,"negative","negative",NA,NA,NA,NA,NA,NA,NA,NA,NA,2018-09-01,NA,NA
"ICK308",NA,"Batch 1",NA,"SMS29",NA,NA,"Bay 5","virus free",1,2,"Tanzania collection mission",2017-11-01,"Naliendele field genebank field genebank","negative","negative",2019-01-24,"negative","negative",NA,NA,NA,NA,"negative","negative",NA,NA,NA,NA,NA,NA,NA,NA,2,2018-09-21,NA,4
"ICK309",NA,"Batch 1",NA,"SMS30",NA,NA,"Bay 5","virus free",1,4,"Tanzania collection mission",2017-11-01,"Naliendele field genebank field genebank","negative","negative",2019-01-24,"negative","negative",NA,NA,NA,NA,"negative","negative",NA,NA,NA,NA,NA,NA,NA,NA,7,2018-09-21,NA,4
"ICK310",NA,"Batch 2",NA,"SMS31",NA,NA,"Bay 5","virus free",1,3,"Tanzania collection mission",2017-09-28,NA,"negative","negative",2019-06-18,"negative","negative",NA,NA,NA,2019-06-20,"positive","positive",NA,NA,NA,NA,1,NA,NA,NA,4,2018-09-21,NA,1
"ICK311",NA,"Batch 1",NA,"SMS33",NA,NA,"Bay 3","virus free",1,2,"Tanzania collection mission",2017-09-28,NA,"negative","negative",2019-02-19,"negative","negative",NA,NA,NA,NA,"positive","negative",NA,NA,NA,NA,NA,NA,NA,NA,NA,2018-09-01,NA,NA
"ICK312","Priority genotype","Rwanda and Burundi","Burundi","Sogota",NA,NA,"Bay 1","virus free",2,4,"Burundi",2018-06-27,NA,"negative","negative",2018-10-26,"positive","negative",NA,NA,NA,NA,"negative","negative",NA,NA,NA,NA,NA,1,NA,NA,NA,2018-09-01,NA,1
"ICK313","Priority genotype","Rwanda and Burundi","Burundi","Solange",NA,NA,"Bay 1","infected",1,2,"Burundi",2018-06-27,NA,"Inconclusive","Inconclusive",2018-10-26,"positive","negative",NA,NA,NA,NA,"positive","negative",NA,NA,NA,"2019-03-01",2,NA,NA,NA,NA,2018-09-01,NA,2
"ICK314","Priority genotype","Batch 2",NA,"Songambele","SONGAMBELE (KEPHIS)",NA,"Bay 7","infected",1,2,"Lake Zone",2016-07-19,"Lake Zone","positive","negative",2018-10-26,"positive","negative",NA,NA,NA,2018-12-03,"negative","negative",NA,NA,NA,NA,8,4,NA,NA,NA,2018-09-01,NA,4
"ICK315","Priority genotype","Rwanda and Burundi","Burundi","Surupiya",NA,NA,"Bay 1","virus free",2,4,"Burundi",2018-06-27,NA,"negative","negative",2018-10-26,"positive","negative",NA,NA,NA,NA,"negative","negative",NA,NA,NA,"2019-03-01",6,NA,NA,NA,NA,2018-09-01,NA,6
"ICK316","Not priority","5 CP clone",NA,"Tajirika",NA,NA,"",NA,NA,NA,NA,NA,NA,NA,NA,NA,NA,NA,NA,NA,NA,NA,NA,NA,NA,NA,NA,NA,NA,NA,NA,3,5,NA,NA,NA
"ICK317",NA,"5 CP clone",NA,"TME14-UG",NA,NA,"",NA,NA,NA,NA,NA,NA,NA,NA,NA,NA,NA,NA,NA,NA,NA,NA,NA,"From BecA TC",NA,NA,NA,NA,NA,NA,0,0,NA,NA,NA
"ICK318",NA,"5 CP clone",NA,"TME419",NA,NA,"",NA,NA,NA,NA,NA,NA,NA,NA,NA,NA,NA,NA,NA,NA,NA,NA,NA,"From BecA TC",NA,NA,NA,NA,NA,NA,0,0,NA,NA,NA
"ICK319",NA,"LOST",NA,"TMEB117",NA,NA,"LOST",NA,0,0,"IITA",2018-01-01,NA,NA,NA,NA,NA,NA,NA,NA,NA,NA,NA,NA,NA,NA,NA,NA,NA,NA,NA,NA,NA,2019-09-24,NA,NA
"ICK320",NA,"LOST",NA,"TMEB396",NA,NA,"LOST",NA,0,0,"IITA",2018-01-01,NA,NA,NA,NA,NA,NA,NA,NA,NA,NA,NA,NA,NA,NA,NA,NA,NA,NA,NA,NA,NA,2019-09-24,NA,NA
"ICK321",NA,"Breeding line",NA,"TMSIBA000388","00/0388",NA,"Bay 4","virus free",1,2,"Chambezi",2018-02-27,NA,"negative","negative",2019-02-19,"negative","negative",NA,NA,NA,2019-08-27,"negative","negative",NA,NA,NA,"2019-05-01",NA,NA,NA,NA,NA,2018-09-01,NA,5
"ICK322","Priority genotype","5 CP clone",NA,"TZ130",NA,NA,"",NA,NA,NA,NA,NA,NA,NA,NA,NA,NA,NA,NA,NA,NA,NA,NA,NA,NA,NA,NA,NA,NA,NA,NA,0,0,NA,NA,NA
"ICK323","Priority genotype","Breeding line",NA,"UKG2009/164","UKG2009/164 (KEPHIS)",NA,"Bay 4","virus free",1,2,"Lake Zone",2016-07-19,"Lake Zone","negative","negative",2019-01-24,"negative","negative",2019-02-19,"negative","negative",2019-08-27,"negative","negative",NA,NA,NA,"2019-05-01",NA,NA,NA,NA,NA,2019-01-29,NA,999
"ICK324","Priority genotype","Breeding line",NA,"UKG2009/181","UKG2009/181 (KEPHIS)",NA,"Bay 7","virus free",1,1,NA,NA,NA,"negative","negative",NA,"negative","positive",NA,NA,NA,2018-12-03,"negative","negative",NA,NA,NA,"2019-05-01",NA,NA,NA,NA,NA,2018-09-01,NA,5
"ICK325","Priority genotype","Breeding line",NA,"UKG2009/181_2",NA,NA,"LOST",NA,0,0,NA,NA,NA,NA,NA,2019-02-19,"negative","negative",NA,NA,NA,2019-08-27,"positive","negative",NA,NA,NA,NA,NA,NA,NA,NA,NA,2019-09-24,NA,NA
"ICK326","Priority genotype","Breeding line",NA,"UKG2009/52","UKG2009/52 (KEPHIS)",NA,"Bay 4","virus free",1,1,"Lake Zone",2016-07-19,"Lake Zone","negative","negative",2019-02-19,"negative","negative",NA,NA,NA,2019-08-27,"negative","negative",NA,NA,NA,"2019-05-01",NA,NA,NA,NA,NA,2019-01-29,NA,999
"ICK327","Priority genotype","Breeding line",NA,"UKG2009/74","UKG2009/74 (KEPHIS)",NA,"Bay 4","virus free",1,3,"Lake Zone",2016-07-19,"Lake Zone","negative","negative",2019-02-19,"negative","negative",NA,NA,NA,2019-08-27,"negative","negative",NA,NA,"2019-09-11","2019-05-01",NA,NA,NA,NA,NA,2019-01-29,NA,10
"ICK328","Priority genotype","Rwanda and Burundi","Burundi","Umuhendangurube",NA,NA,"Bay 1","infected",1,3,"Burundi",2018-06-27,NA,"negative","positive",2018-10-26,"positive","negative",NA,NA,NA,NA,"negative","negative",NA,NA,NA,"2019-03-01",3,NA,NA,NA,NA,2018-09-01,NA,3
"ICK329","Priority genotype","Rwanda and Burundi","Burundi","Umutakabumba",NA,NA,"Bay 1","virus free",2,5,"Burundi",2018-06-27,NA,"negative","negative",2018-10-26,"positive","negative",NA,NA,NA,NA,"negative","negative",NA,NA,NA,NA,8,NA,NA,NA,NA,2018-09-01,NA,8
"ICK330","Priority genotype","Rwanda and Burundi","Burundi","Umutuburano",NA,NA,"Bay 1","infected",1,2,"Burundi",2018-06-27,NA,"negative","possible",2018-10-26,"positive","negative",NA,NA,NA,NA,"positive","negative",NA,NA,NA,"2019-03-01",2,NA,NA,NA,NA,2018-09-01,NA,1
"ICK331","Not priority","5 CP clone",NA,"Yizaso",NA,NA,"",NA,NA,NA,NA,NA,NA,NA,NA,NA,NA,NA,NA,NA,NA,NA,NA,NA,NA,NA,NA,NA,NA,NA,NA,0,0,NA,NA,NA
"ICK332",NA,"Batch 3",NA,"BKP69",NA,NA,"",NA,NA,NA,NA,NA,NA,NA,NA,NA,NA,NA,NA,NA,NA,NA,NA,NA,NA,NA,NA,NA,NA,NA,NA,NA,NA,NA,NA,0
"ICK333",NA,"DSC clone",NA,"DSC180",NA,NA,"",NA,NA,NA,NA,NA,NA,NA,NA,NA,NA,NA,NA,NA,NA,NA,NA,NA,NA,NA,NA,NA,NA,NA,NA,NA,NA,NA,NA,NA
"ICK334",NA,"5 CP clone",NA,"Shibe",NA,NA,"",NA,NA,NA,NA,NA,NA,NA,NA,NA,NA,NA,NA,NA,NA,NA,NA,NA,NA,NA,NA,NA,NA,NA,NA,4,3,NA,NA,NA
